id,sales
1,5558
2,7537
3,10774
4,8658
5,8098
6,6317
7,7961
8,7886
9,5652
10,5918
11,7242
12,8407
13,7911
14,9741
15,5959
16,5134
17,6242
18,9734
19,11233
20,10496
21,9408
22,4482
23,6660
24,4506
25,8856
26,13133
27,9954
28,5647
29,4923
30,4650
31,5219
32,11218
33,6901
34,6589
35,7057
36,7908
37,3940
38,7847
39,4279
40,7402
41,7024
42,7079
43,7910
44,8433
45,5156
46,6825
47,9031
48,13484
49,6177
50,8158
51,8701
52,8946
53,7095
54,10215
55,5434
56,5336
57,6393
58,7039
59,9923
60,7688
61,6517
62,7936
63,7376
64,12196
65,4724
66,13799
67,5697
68,5996
69,8661
70,4707
71,7005
72,7002
73,8678
74,5884
75,6205
76,9631
77,9049
78,7126
79,5347
80,8560
81,12438
82,8106
83,5561
84,6988
85,6920
86,5663
87,7627
88,3875
89,9453
90,6079
91,6949
92,8593
93,4178
94,6290
95,6568
96,8754
97,9903
98,5702
99,5928
100,6996
101,5401
102,7977
103,7118
104,6085
105,8155
106,5663
107,4457
108,7201
109,8599
110,9150
111,8893
112,8111
113,5595
114,9730
115,5945
116,7721
117,10311
118,6074
119,10327
120,8328
121,8684
122,7161
123,7577
124,7686
125,8844
126,4176
127,5212
128,8711
129,6391
130,4607
131,9191
132,6616
133,5619
134,7823
135,5764
136,7790
137,8090
138,7860
139,5489
140,4720
141,7009
142,4278
143,6710
144,5627
145,8333
146,9079
147,6892
148,15620
149,5583
150,5059
151,10838
152,7341
153,8093
154,8872
857,5223
858,9590
859,10095
860,8523
861,9984
862,7896
863,9599
864,10008
865,6648
866,6108
867,7885
868,9471
869,9616
870,10728
871,7337
872,5181
873,5604
874,10717
875,14023
876,12935
877,9075
878,4213
879,6300
880,5614
881,10305
882,13833
883,11962
884,8681
885,5593
886,4732
887,5408
888,14374
889,7895
890,4743
891,5216
892,7887
893,4099
894,9691
895,5760
896,7538
897,6395
898,7377
899,8346
900,6164
901,6078
902,8746
903,9201
904,11817
905,5586
906,10662
907,10357
908,10041
909,6968
910,12573
911,4867
912,5147
913,8346
914,6341
915,10664
916,8405
917,7086
918,8223
919,6999
920,12433
921,5055
922,16038
923,6530
924,6256
925,11281
926,5846
927,7462
928,7848
929,8612
930,8086
931,7123
932,8066
933,9383
934,8412
935,6129
936,9152
937,13273
938,7723
939,6092
940,7559
941,6899
942,6441
943,6933
944,4304
945,9868
946,8166
947,8213
948,8906
949,5741
950,7790
951,5454
952,9121
953,8566
954,5858
955,6902
956,8237
957,5951
958,7074
959,9183
960,8700
961,9093
962,6281
963,5356
964,6634
965,7525
966,9101
967,11947
968,9527
969,4986
970,9680
971,7440
972,8247
973,9569
974,5601
975,13125
976,8842
977,8629
978,6836
979,9308
980,8723
981,6406
982,4256
983,6491
984,9393
985,7996
986,4702
987,8857
988,7381
989,5533
990,7787
991,7166
992,9504
993,9291
994,6705
995,6477
996,8878
997,7773
998,4182
999,7140
1000,6310
1001,9359
1002,8175
1003,7105
1004,11290
1005,6620
1006,5189
1007,12882
1008,8646
1009,9424
1010,10526
1713,5042
1714,9780
1715,12294
1716,8845
1717,10248
1718,7491
1719,9319
1720,9336
1721,6819
1722,7005
1723,7857
1724,9695
1725,8467
1726,10139
1727,7948
1728,5027
1729,7596
1730,12809
1731,13582
1732,13872
1733,10375
1734,5958
1735,6316
1736,5679
1737,9792
1738,16324
1739,10846
1740,8979
1741,6190
1742,4985
1743,5600
1744,13885
1745,8927
1746,5812
1747,6385
1748,8607
1749,3903
1750,8814
1751,5321
1752,7463
1753,7787
1754,6443
1755,8769
1756,8489
1757,6397
1758,8807
1759,8287
1760,15746
1761,7145
1762,11285
1763,9346
1764,10869
1765,8041
1766,10701
1767,5489
1768,6926
1769,8335
1770,6367
1771,10676
1772,9354
1773,7794
1774,8361
1775,8544
1776,13111
1777,4817
1778,17204
1779,6040
1780,7313
1781,10710
1782,6485
1783,8234
1784,8169
1785,10632
1786,7224
1787,7097
1788,9081
1789,9399
1790,9318
1791,6093
1792,9037
1793,13684
1794,7739
1795,5558
1796,7797
1797,6847
1798,6516
1799,9867
1800,5045
1801,10844
1802,7213
1803,9050
1804,9001
1805,6082
1806,7648
1807,7176
1808,10179
1809,10062
1810,6268
1811,5556
1812,8981
1813,7235
1814,7821
1815,7918
1816,7691
1817,8611
1818,6867
1819,5419
1820,8625
1821,9282
1822,10103
1823,9896
1824,9504
1825,7353
1826,9631
1827,7912
1828,8851
1829,9818
1830,6393
1831,13568
1832,9914
1833,10109
1834,6186
1835,9634
1836,9424
1837,8454
1838,4567
1839,6473
1840,10766
1841,8693
1842,4347
1843,10629
1844,7506
1845,6393
1846,7545
1847,6897
1848,10085
1849,9208
1850,8885
1851,6862
1852,5991
1853,8637
1854,5057
1855,8309
1856,7631
1857,10010
1858,9400
1859,7938
1860,15136
1861,6789
1862,5387
1863,13183
1864,8482
1865,9983
1866,9647
2569,5054
2570,11594
2571,13250
2572,9117
2573,12227
2574,6757
2575,10434
2576,11730
2577,7597
2578,8077
2579,8691
2580,11932
2581,9405
2582,11255
2583,9657
2584,6808
2585,8687
2586,15726
2587,14639
2588,15147
2589,15316
2590,6066
2591,7116
2592,6816
2593,10956
2594,19593
2595,11393
2596,11080
2597,7910
2598,4772
2599,8516
2600,16835
2601,11006
2602,7836
2603,8218
2604,10168
2605,4964
2606,10561
2607,7614
2608,9620
2609,9972
2610,7786
2611,11262
2612,11296
2613,7911
2614,9637
2615,9584
2616,14607
2617,8895
2618,13569
2619,11092
2620,12181
2621,9281
2622,11760
2623,7277
2624,6936
2625,10452
2626,8207
2627,13150
2628,11860
2629,9450
2630,11141
2631,8521
2632,14159
2633,5553
2634,20215
2635,7415
2636,7907
2637,12757
2638,6764
2639,11819
2640,9823
2641,11167
2642,7332
2643,6401
2644,9392
2645,11252
2646,11555
2647,7031
2648,8224
2649,16579
2650,8808
2651,6903
2652,9771
2653,7190
2654,6472
2655,8869
2656,5283
2657,14672
2658,8030
2659,9324
2660,11566
2661,7099
2662,8479
2663,8007
2664,13020
2665,13092
2666,6478
2667,8823
2668,9116
2669,8636
2670,8289
2671,11631
2672,9336
2673,9464
2674,7623
2675,6397
2676,11025
2677,9928
2678,10505
2679,14754
2680,13447
2681,7731
2682,12218
2683,9438
2684,12189
2685,13542
2686,10290
2687,17224
2688,10705
2689,12544
2690,8079
2691,10410
2692,11916
2693,9780
2694,4641
2695,7241
2696,11541
2697,8248
2698,6120
2699,14453
2700,8379
2701,7996
2702,7959
2703,9542
2704,14160
2705,11984
2706,9452
2707,7928
2708,18797
2709,10895
2710,5047
2711,8845
2712,7854
2713,12550
2714,10484
2715,8746
2716,15799
2717,8847
2718,5979
2719,16324
2720,9512
2721,12273
2722,11083
3425,0
3426,0
3427,0
3428,0
3429,0
3430,0
3431,0
3432,0
3433,0
3434,0
3435,0
3436,0
3437,0
3438,0
3439,0
3440,0
3441,0
3442,0
3443,0
3444,0
3445,0
3446,0
3447,0
3448,0
3449,0
3450,0
3451,0
3452,0
3453,0
3454,0
3455,0
3456,0
3457,0
3458,0
3459,0
3460,0
3461,0
3462,0
3463,0
3464,0
3465,0
3466,0
3467,0
3468,0
3469,0
3470,0
3471,0
3472,0
3473,0
3474,0
3475,0
3476,0
3477,0
3478,0
3479,0
3480,0
3481,0
3482,0
3483,0
3484,0
3485,0
3486,0
3487,0
3488,0
3489,0
3490,0
3491,0
3492,0
3493,0
3494,0
3495,0
3496,0
3497,0
3498,0
3499,0
3500,0
3501,0
3502,0
3503,0
3504,0
3505,0
3506,0
3507,0
3508,0
3509,0
3510,0
3511,0
3512,0
3513,0
3514,0
3515,0
3516,3689
3517,0
3518,0
3519,0
3520,0
3521,0
3522,0
3523,0
3524,0
3525,0
3526,0
3527,0
3528,0
3529,0
3530,0
3531,0
3532,0
3533,0
3534,0
3535,0
3536,0
3537,0
3538,0
3539,0
3540,0
3541,0
3542,0
3543,0
3544,0
3545,0
3546,0
3547,0
3548,0
3549,0
3550,0
3551,0
3552,0
3553,0
3554,0
3555,0
3556,0
3557,0
3558,0
3559,0
3560,0
3561,0
3562,0
3563,0
3564,0
3565,0
3566,0
3567,0
3568,0
3569,0
3570,0
3571,0
3572,0
3573,0
3574,0
3575,0
3576,0
3577,0
3578,0
4281,4364
4282,4258
4283,6425
4284,3288
4285,6223
4286,4636
4287,5740
4288,5119
4289,4361
4290,3649
4291,5770
4292,5414
4293,4013
4294,5287
4295,5519
4296,3480
4297,3810
4298,7653
4299,8243
4300,5120
4301,6228
4302,3335
4303,5342
4304,2330
4305,7914
4306,7798
4307,9817
4308,6272
4309,2419
4310,3496
4311,6217
4312,6044
4313,3267
4314,5752
4315,5310
4316,5563
4317,2729
4318,7221
4319,4186
4320,7324
4321,5968
4322,3485
4323,9229
4324,6841
4325,4376
4326,3746
4327,7191
4328,10326
4329,6378
4330,6107
4331,7653
4332,7599
4333,4890
4334,6054
4335,2384
4336,2672
4337,4115
4338,6822
4339,8616
4340,7960
4341,4167
4342,8141
4343,9060
4344,5313
4345,2467
4346,10639
4347,3329
4348,4350
4349,7010
4350,3585
4351,5777
4352,2791
4353,5176
4354,4765
4355,5580
4356,7917
4357,7051
4358,4712
4359,3167
4360,7995
4361,12912
4362,4677
4363,3115
4364,6153
4365,5486
4366,6297
4367,8592
4368,2119
4369,8604
4370,4563
4371,6040
4372,7323
4373,2668
4374,3515
4375,5361
4376,8017
4377,7428
4378,4601
4379,3732
4380,7140
4381,5632
4382,4591
4383,6436
4384,3669
4385,5411
4386,4640
4387,2747
4388,5355
4389,5914
4390,6377
4391,7736
4392,7736
4393,3118
4394,7423
4395,3223
4396,3714
4397,7209
4398,5869
4399,7313
4400,8667
4401,6215
4402,4707
4403,6551
4404,7432
4405,4565
4406,3150
4407,5022
4408,5200
4409,4195
4410,2589
4411,5482
4412,7267
4413,6059
4414,5343
4415,2755
4416,4510
4417,7305
4418,3693
4419,5630
4420,3541
4421,5279
4422,3768
4423,3753
4424,5282
4425,6567
4426,5809
4427,7956
4428,13662
4429,4559
4430,4855
4431,10057
4432,4740
4433,7662
4434,4788
5137,3706
5138,6222
5139,9499
5140,6067
5141,6429
5142,5747
5143,6979
5144,6730
5145,4210
5146,5232
5147,6323
5148,5525
5149,6505
5150,7132
5151,5004
5152,4356
5153,4850
5154,8623
5155,9065
5156,7393
5157,6192
5158,2779
5159,5862
5160,3935
5161,6992
5162,10492
5163,8966
5164,4180
5165,2694
5166,3195
5167,6661
5168,8307
5169,5899
5170,4906
5171,4917
5172,6679
5173,3205
5174,6324
5175,3780
5176,7392
5177,6402
5178,5417
5179,7557
5180,6007
5181,4563
5182,6514
5183,6387
5184,9592
5185,4961
5186,5208
5187,6727
5188,8514
5189,6096
5190,7495
5191,3665
5192,4256
5193,4821
5194,6104
5195,10051
5196,6984
5197,5679
5198,7208
5199,7482
5200,8076
5201,4092
5202,12050
5203,3448
5204,5962
5205,6679
5206,4161
5207,5240
5208,5796
5209,6506
5210,4731
5211,5295
5212,7749
5213,6774
5214,4921
5215,5411
5216,6846
5217,12747
5218,6647
5219,4385
5220,5558
5221,6268
5222,6185
5223,7858
5224,4122
5225,7047
5226,5401
5227,6337
5228,7661
5229,5487
5230,4274
5231,5304
5232,7111
5233,8861
5234,4153
5235,4547
5236,7807
5237,5795
5238,5290
5239,9312
5240,6639
5241,6877
5242,5974
5243,4107
5244,5134
5245,6734
5246,7842
5247,7023
5248,7428
5249,4877
5250,8604
5251,4849
5252,5466
5253,7799
5254,6730
5255,8082
5256,7527
5257,7621
5258,4903
5259,5957
5260,7179
5261,7515
5262,3418
5263,4473
5264,7602
5265,5111
5266,4404
5267,7117
5268,6966
5269,5896
5270,5353
5271,4461
5272,5346
5273,6625
5274,5718
5275,4865
5276,4973
5277,5641
5278,3628
5279,6708
5280,4226
5281,7481
5282,8002
5283,6566
5284,11382
5285,4689
5286,5242
5287,8467
5288,6620
5289,7775
5290,7355
5993,3769
5994,5656
5995,9608
5996,5602
5997,6674
5998,4871
5999,6595
6000,6090
6001,3131
6002,5089
6003,5609
6004,7518
6005,5856
6006,9447
6007,3790
6008,3528
6009,4311
6010,7959
6011,8906
6012,7288
6013,6305
6014,3400
6015,4927
6016,3917
6017,6950
6018,8970
6019,7995
6020,3821
6021,4186
6022,4128
6023,4887
6024,8922
6025,5039
6026,4006
6027,3967
6028,6747
6029,2782
6030,5612
6031,3794
6032,5715
6033,4824
6034,5194
6035,7749
6036,6437
6037,4253
6038,6494
6039,6373
6040,9439
6041,4575
6042,6000
6043,7228
6044,8173
6045,6333
6046,7452
6047,3474
6048,4278
6049,5463
6050,5431
6051,8146
6052,6424
6053,4439
6054,7797
6055,5582
6056,8503
6057,3387
6058,11086
6059,3835
6060,5774
6061,6978
6062,3908
6063,4920
6064,5250
6065,6661
6066,4164
6067,4995
6068,6153
6069,6404
6070,4655
6071,4620
6072,6701
6073,10496
6074,5833
6075,4510
6076,6827
6077,5964
6078,4591
6079,6970
6080,3712
6081,7818
6082,5308
6083,5862
6084,7343
6085,4338
6086,3887
6087,3775
6088,7779
6089,7899
6090,4477
6091,4611
6092,6300
6093,5642
6094,5031
6095,7685
6096,4949
6097,6980
6098,4065
6099,3804
6100,5058
6101,6952
6102,6128
6103,7068
6104,6633
6105,3891
6106,8335
6107,4440
6108,5753
6109,8266
6110,5358
6111,9103
6112,7479
6113,5898
6114,5525
6115,6399
6116,6591
6117,6140
6118,3132
6119,4920
6120,6786
6121,4596
6122,3124
6123,6918
6124,6761
6125,5008
6126,4843
6127,4467
6128,6005
6129,6508
6130,5122
6131,5155
6132,4723
6133,5706
6134,2648
6135,4816
6136,4718
6137,8031
6138,7004
6139,5945
6140,8608
6141,4329
6142,4045
6143,8416
6144,4702
6145,7303
6146,7067
6849,3464
6850,6440
6851,9204
6852,5322
6853,5849
6854,5561
6855,6907
6856,6350
6857,3707
6858,5344
6859,5466
6860,6913
6861,5965
6862,8899
6863,3821
6864,4009
6865,4294
6866,8192
6867,9138
6868,8103
6869,7251
6870,3295
6871,4747
6872,4180
6873,6500
6874,9053
6875,8915
6876,4177
6877,4170
6878,4126
6879,5526
6880,8866
6881,5836
6882,4278
6883,4029
6884,6580
6885,3451
6886,5823
6887,4162
6888,5879
6889,5204
6890,5237
6891,6287
6892,5603
6893,5127
6894,6106
6895,6777
6896,8416
6897,4868
6898,7220
6899,8721
6900,7670
6901,5767
6902,7097
6903,3686
6904,4246
6905,5343
6906,6329
6907,7692
6908,6779
6909,4755
6910,6917
6911,6928
6912,9008
6913,3396
6914,12072
6915,3842
6916,6080
6917,7367
6918,4506
6919,4841
6920,4790
6921,6602
6922,4363
6923,4912
6924,7407
6925,6854
6926,5524
6927,4929
6928,6622
6929,11244
6930,6046
6931,5116
6932,5124
6933,6167
6934,5869
6935,7012
6936,3132
6937,7260
6938,5605
6939,6442
6940,9215
6941,4573
6942,4595
6943,4021
6944,7244
6945,7827
6946,4942
6947,4164
6948,7012
6949,5870
6950,4475
6951,8615
6952,6338
6953,6362
6954,4769
6955,3763
6956,5245
6957,7030
6958,6149
6959,6256
6960,6590
6961,4924
6962,7233
6963,4750
6964,5218
6965,7517
6966,6397
6967,8625
6968,6752
6969,6413
6970,4752
6971,6715
6972,5737
6973,5552
6974,3679
6975,5095
6976,6733
6977,4533
6978,3518
6979,7231
6980,7212
6981,4998
6982,5620
6983,4332
6984,6577
6985,6027
6986,5441
6987,4033
6988,5289
6989,5774
6990,3165
6991,5246
6992,3795
6993,7530
6994,7117
6995,6422
6996,9804
6997,4909
6998,4092
6999,9104
7000,5945
7001,7512
7002,7482
7705,3650
7706,7127
7707,9207
7708,5365
7709,5714
7710,5476
7711,6620
7712,5808
7713,5583
7714,5346
7715,5555
7716,8111
7717,6615
7718,9341
7719,6312
7720,4343
7721,4089
7722,8702
7723,9788
7724,8319
7725,6855
7726,4171
7727,5148
7728,3965
7729,7170
7730,8659
7731,9953
7732,5164
7733,4125
7734,4491
7735,6667
7736,8742
7737,5903
7738,4048
7739,4665
7740,6175
7741,3011
7742,5594
7743,3068
7744,6902
7745,6970
7746,4880
7747,7047
7748,6896
7749,4868
7750,6539
7751,5547
7752,8615
7753,4950
7754,8295
7755,7020
7756,7295
7757,5436
7758,8133
7759,4635
7760,4623
7761,5563
7762,5432
7763,9786
7764,5784
7765,5470
7766,5227
7767,7589
7768,7611
7769,3469
7770,11471
7771,3297
7772,6184
7773,7661
7774,4728
7775,4831
7776,5285
7777,6120
7778,4344
7779,5219
7780,7700
7781,6208
7782,5270
7783,4031
7784,6749
7785,12905
7786,6109
7787,4393
7788,4534
7789,6045
7790,6115
7791,8415
7792,3849
7793,6376
7794,5893
7795,6028
7796,7092
7797,4520
7798,4071
7799,4284
7800,6214
7801,9505
7802,4471
7803,4879
7804,6821
7805,4967
7806,4903
7807,8135
7808,7080
7809,6073
7810,5486
7811,3663
7812,4518
7813,8704
7814,7039
7815,6110
7816,7072
7817,5597
7818,6837
7819,4594
7820,5649
7821,6756
7822,6586
7823,8937
7824,6227
7825,7722
7826,4212
7827,7059
7828,5646
7829,7509
7830,4289
7831,4790
7832,5840
7833,4601
7834,3775
7835,7400
7836,7128
7837,6412
7838,5164
7839,5001
7840,6905
7841,5849
7842,5882
7843,4130
7844,6555
7845,4961
7846,3879
7847,6425
7848,3662
7849,7146
7850,8510
7851,6719
7852,12799
7853,3850
7854,3377
7855,8752
7856,5634
7857,6319
7858,7406
8561,4395
8562,6567
8563,10790
8564,6740
8565,6121
8566,6111
8567,7135
8568,6226
8569,4059
8570,6111
8571,5431
8572,6422
8573,6755
8574,8250
8575,3692
8576,3439
8577,5729
8578,7579
8579,9236
8580,9121
8581,7315
8582,3010
8583,5356
8584,3965
8585,8429
8586,9750
8587,10181
8588,4676
8589,3794
8590,3183
8591,4497
8592,10101
8593,5993
8594,4976
8595,4043
8596,7258
8597,3734
8598,5667
8599,3815
8600,5693
8601,6597
8602,5160
8603,8682
8604,4920
8605,4813
8606,7156
8607,6242
8608,8937
8609,5427
8610,6264
8611,8612
8612,9259
8613,6401
8614,7998
8615,3803
8616,5059
8617,4684
8618,5721
8619,7610
8620,7166
8621,4625
8622,7540
8623,5646
8624,8042
8625,3485
8626,11570
8627,4130
8628,6184
8629,8627
8630,5776
8631,5190
8632,5805
8633,6853
8634,5150
8635,3119
8636,6795
8637,8033
8638,4896
8639,4208
8640,7842
8641,10392
8642,7261
8643,5396
8644,6116
8645,7100
8646,7330
8647,5737
8648,3296
8649,7598
8650,6493
8651,6598
8652,9779
8653,4332
8654,3907
8655,3601
8656,8208
8657,7886
8658,5291
8659,5339
8660,5127
8661,6006
8662,4215
8663,7680
8664,6046
8665,7406
8666,4479
8667,4896
8668,5560
8669,7833
8670,7209
8671,7703
8672,6247
8673,5532
8674,8887
8675,5376
8676,5227
8677,8075
8678,5448
8679,10164
8680,7396
8681,6643
8682,4738
8683,7608
8684,5869
8685,5308
8686,3712
8687,4549
8688,6294
8689,5369
8690,3433
8691,7562
8692,5762
8693,6412
8694,6136
8695,5406
8696,5083
8697,7128
8698,5237
8699,4594
8700,5156
8701,4911
8702,2894
8703,6418
8704,4995
8705,7537
8706,6138
8707,6719
8708,6074
8709,3746
8710,4156
8711,10666
8712,6154
8713,7080
8714,6866
9417,0
9418,0
9419,0
9420,0
9421,0
9422,0
9423,0
9424,0
9425,0
9426,0
9427,0
9428,0
9429,0
9430,0
9431,0
9432,0
9433,0
9434,0
9435,0
9436,0
9437,0
9438,0
9439,0
9440,0
9441,0
9442,0
9443,0
9444,0
9445,0
9446,0
9447,0
9448,0
9449,0
9450,0
9451,0
9452,0
9453,0
9454,0
9455,0
9456,0
9457,0
9458,0
9459,0
9460,0
9461,0
9462,0
9463,0
9464,0
9465,0
9466,0
9467,0
9468,0
9469,0
9470,0
9471,0
9472,0
9473,0
9474,0
9475,0
9476,0
9477,0
9478,0
9479,0
9480,0
9481,0
9482,0
9483,0
9484,0
9485,0
9486,0
9487,0
9488,0
9489,0
9490,0
9491,0
9492,0
9493,0
9494,0
9495,0
9496,0
9497,0
9498,0
9499,0
9500,0
9501,0
9502,0
9503,0
9504,0
9505,0
9506,0
9507,0
9508,3689
9509,0
9510,0
9511,0
9512,0
9513,0
9514,0
9515,0
9516,0
9517,0
9518,0
9519,0
9520,0
9521,0
9522,0
9523,0
9524,0
9525,0
9526,0
9527,0
9528,0
9529,0
9530,0
9531,0
9532,0
9533,0
9534,0
9535,0
9536,0
9537,0
9538,0
9539,0
9540,0
9541,0
9542,0
9543,0
9544,0
9545,0
9546,0
9547,0
9548,0
9549,0
9550,0
9551,0
9552,0
9553,0
9554,0
9555,0
9556,0
9557,0
9558,0
9559,0
9560,0
9561,0
9562,0
9563,0
9564,0
9565,0
9566,0
9567,0
9568,0
9569,0
9570,0
10273,4364
10274,4258
10275,6425
10276,3288
10277,6223
10278,4636
10279,5740
10280,5119
10281,4361
10282,3649
10283,5770
10284,5414
10285,4013
10286,5287
10287,5519
10288,3480
10289,3810
10290,7653
10291,8243
10292,5120
10293,6228
10294,3335
10295,5342
10296,2330
10297,7914
10298,7798
10299,9817
10300,6272
10301,2419
10302,3496
10303,6217
10304,6044
10305,3267
10306,5752
10307,5310
10308,5563
10309,2729
10310,7221
10311,4186
10312,7324
10313,5968
10314,3485
10315,9229
10316,6841
10317,4376
10318,3746
10319,7191
10320,10326
10321,6378
10322,6107
10323,7653
10324,7599
10325,4890
10326,6054
10327,2384
10328,2672
10329,4115
10330,6822
10331,8616
10332,7960
10333,4167
10334,8141
10335,9060
10336,5313
10337,2467
10338,10639
10339,3329
10340,4350
10341,7010
10342,3585
10343,5777
10344,2791
10345,5176
10346,4765
10347,5580
10348,7917
10349,7051
10350,4712
10351,3167
10352,7995
10353,12912
10354,4677
10355,3115
10356,6153
10357,5486
10358,6297
10359,8592
10360,2119
10361,8604
10362,4563
10363,6040
10364,7323
10365,2668
10366,3515
10367,5361
10368,8017
10369,7428
10370,4601
10371,3732
10372,7140
10373,5632
10374,4591
10375,6436
10376,3669
10377,5411
10378,4640
10379,2747
10380,5355
10381,5914
10382,6377
10383,7736
10384,7736
10385,3118
10386,7423
10387,3223
10388,3714
10389,7209
10390,5869
10391,7313
10392,8667
10393,6215
10394,4707
10395,6551
10396,7432
10397,4565
10398,3150
10399,5022
10400,5200
10401,4195
10402,2589
10403,5482
10404,7267
10405,6059
10406,5343
10407,2755
10408,4510
10409,7305
10410,3693
10411,5630
10412,3541
10413,5279
10414,3768
10415,3753
10416,5282
10417,6567
10418,5809
10419,7956
10420,13662
10421,4559
10422,4855
10423,10057
10424,4740
10425,7662
10426,4788
11129,5263
11130,8074
11131,11976
11132,6535
11133,9786
11134,5915
11135,7689
11136,7684
11137,6797
11138,6239
11139,7554
11140,10231
11141,8508
11142,8704
11143,9515
11144,6454
11145,7273
11146,11395
11147,10679
11148,11190
11149,10607
11150,3668
11151,6714
11152,6370
11153,8165
11154,15342
11155,12772
11156,6571
11157,4907
11158,5101
11159,7896
11160,13114
11161,7486
11162,6301
11163,7410
11164,7046
11165,3672
11166,10310
11167,5729
11168,10602
11169,8552
11170,5920
11171,10022
11172,9813
11173,5572
11174,6890
11175,8545
11176,13772
11177,8306
11178,11035
11179,8345
11180,11204
11181,6038
11182,9988
11183,7208
11184,4981
11185,7596
11186,6871
11187,12813
11188,10335
11189,7150
11190,9810
11191,9089
11192,13586
11193,4294
11194,13439
11195,4844
11196,7585
11197,10513
11198,6164
11199,7156
11200,7102
11201,9728
11202,7418
11203,7460
11204,8857
11205,9018
11206,10646
11207,6456
11208,7192
11209,15492
11210,7814
11211,4659
11212,8897
11213,5887
11214,8416
11215,10779
11216,5124
11217,8568
11218,6866
11219,10392
11220,8998
11221,5401
11222,6793
11223,7604
11224,9581
11225,12272
11226,5404
11227,6758
11228,9402
11229,7475
11230,7753
11231,12550
11232,9557
11233,9828
11234,8689
11235,5087
11236,8382
11237,10915
11238,9241
11239,11793
11240,8984
11241,8094
11242,10030
11243,7590
11244,7522
11245,10751
11246,9802
11247,12141
11248,11335
11249,11013
11250,7839
11251,9375
11252,10735
11253,9029
11254,4987
11255,5383
11256,11285
11257,7528
11258,4078
11259,9223
11260,7983
11261,8438
11262,8025
11263,6507
11264,9283
11265,8090
11266,8929
11267,6755
11268,9738
11269,7569
11270,5871
11271,8224
11272,9660
11273,11094
11274,9781
11275,8470
11276,18165
11277,5904
11278,6708
11279,10822
11280,7815
11281,10260
11282,7626
11985,5020
11986,7537
11987,10774
11988,8658
11989,8098
11990,6317
11991,7961
11992,7886
11993,5512
11994,5918
11995,7242
11996,10226
11997,7911
11998,9987
11999,6985
12000,5517
12001,5801
12002,9734
12003,11233
12004,10496
12005,9408
12006,4482
12007,6660
12008,5345
12009,8856
12010,13133
12011,11555
12012,5647
12013,4923
12014,4650
12015,6740
12016,11218
12017,6901
12018,6063
12019,7055
12020,7908
12021,3940
12022,8996
12023,5324
12024,11286
12025,8342
12026,7079
12027,8705
12028,9254
12029,5868
12030,6825
12031,9031
12032,13484
12033,6937
12034,10875
12035,8701
12036,10252
12037,7095
12038,10215
12039,5643
12040,5336
12041,6393
12042,7039
12043,13377
12044,8141
12045,6371
12046,8942
12047,9843
12048,12196
12049,4724
12050,13799
12051,5697
12052,7547
12053,8661
12054,6151
12055,7005
12056,7002
12057,8678
12058,5884
12059,7291
12060,9747
12061,9049
12062,7126
12063,6561
12064,8560
12065,15878
12066,8106
12067,5561
12068,8446
12069,6920
12070,6482
12071,10904
12072,3875
12073,9453
12074,6079
12075,7749
12076,8593
12077,4178
12078,6290
12079,7426
12080,8895
12081,11128
12082,5773
12083,5928
12084,9041
12085,6568
12086,6386
12087,9540
12088,8409
12089,9419
12090,6558
12091,4457
12092,6740
12093,9634
12094,9689
12095,8893
12096,8111
12097,6496
12098,9730
12099,5945
12100,7721
12101,10780
12102,9130
12103,10327
12104,9662
12105,9151
12106,6442
12107,7577
12108,9618
12109,8316
12110,4798
12111,5212
12112,8956
12113,6391
12114,4607
12115,9191
12116,8030
12117,7137
12118,7823
12119,5764
12120,7790
12121,8090
12122,8055
12123,5812
12124,11859
12125,7009
12126,4431
12127,6710
12128,7630
12129,9207
12130,9047
12131,8055
12132,16370
12133,6288
12134,6586
12135,10838
12136,7341
12137,9391
12138,8872
12841,4782
12842,9590
12843,10095
12844,8523
12845,9984
12846,5524
12847,9599
12848,10008
12849,5512
12850,6108
12851,7885
12852,10226
12853,9616
12854,9814
12855,5545
12856,5517
12857,6319
12858,10717
12859,14023
12860,12935
12861,9075
12862,4213
12863,6300
12864,5345
12865,10305
12866,13833
12867,11555
12868,8681
12869,5593
12870,4732
12871,6740
12872,14374
12873,7895
12874,5341
12875,7055
12876,7887
12877,4099
12878,8551
12879,4946
12880,9374
12881,8342
12882,7377
12883,9048
12884,9254
12885,7323
12886,8746
12887,9201
12888,11817
12889,8320
12890,8611
12891,10357
12892,9962
12893,7258
12894,12573
12895,5763
12896,5147
12897,8346
12898,6341
12899,10657
12900,7865
12901,5524
12902,8388
12903,8391
12904,12433
12905,5055
12906,16038
12907,6530
12908,6611
12909,11281
12910,5316
12911,7462
12912,7848
12913,8612
12914,8086
12915,7291
12916,9747
12917,9383
12918,8412
12919,4327
12920,7017
12921,13712
12922,7723
12923,6092
12924,8068
12925,6949
12926,6482
12927,9239
12928,4304
12929,9868
12930,8166
12931,7697
12932,8906
12933,5741
12934,7790
12935,7426
12936,9482
12937,11128
12938,5036
12939,6902
12940,9041
12941,6673
12942,6386
12943,9540
12944,8409
12945,8425
12946,5504
12947,5356
12948,7100
12949,9634
12950,9689
12951,11947
12952,9527
12953,6496
12954,9680
12955,7440
12956,8247
12957,8778
12958,9130
12959,13125
12960,9854
12961,9151
12962,5276
12963,9308
12964,8089
12965,8316
12966,4798
12967,6491
12968,8899
12969,7996
12970,4702
12971,8857
12972,8030
12973,7137
12974,7787
12975,7166
12976,9504
12977,9291
12978,8055
12979,6256
12980,11859
12981,7773
12982,4490
12983,7140
12984,6979
12985,9138
12986,9047
12987,8055
12988,14208
12989,6927
12990,5425
12991,12882
12992,8646
12993,9121
12994,10526
13697,5011
13698,9780
13699,12294
13700,8845
13701,10248
13702,6140
13703,9319
13704,9336
13705,5879
13706,7005
13707,7857
13708,10184
13709,8467
13710,10534
13711,7815
13712,5729
13713,5923
13714,12809
13715,13582
13716,13872
13717,10375
13718,5958
13719,6316
13720,5555
13721,9792
13722,16324
13723,10208
13724,8979
13725,6190
13726,4985
13727,5921
13728,13885
13729,8927
13730,5504
13731,6849
13732,8607
13733,3903
13734,7491
13735,5115
13736,7557
13737,8204
13738,6443
13739,8400
13740,7935
13741,5726
13742,8807
13743,8287
13744,15746
13745,6244
13746,11346
13747,9346
13748,10843
13749,8317
13750,10701
13751,5829
13752,6926
13753,8335
13754,6367
13755,11293
13756,9524
13757,7347
13758,9331
13759,7317
13760,13111
13761,4817
13762,17204
13763,6040
13764,6611
13765,10710
13766,5829
13767,8234
13768,8169
13769,10632
13770,7224
13771,6527
13772,8624
13773,9399
13774,9318
13775,3926
13776,7472
13777,12519
13778,7739
13779,5558
13780,7244
13781,6178
13782,6259
13783,8270
13784,5045
13785,10844
13786,7213
13787,8427
13788,9001
13789,6082
13790,7648
13791,7288
13792,10262
13793,11457
13794,5187
13795,5556
13796,8687
13797,7764
13798,6564
13799,10498
13800,7618
13801,8977
13802,5433
13803,5419
13804,8214
13805,8591
13806,9641
13807,9896
13808,9504
13809,7499
13810,9631
13811,7912
13812,8851
13813,10025
13814,8391
13815,13568
13816,9422
13817,9788
13818,5984
13819,9634
13820,9218
13821,8834
13822,4753
13823,6473
13824,8719
13825,8693
13826,4347
13827,10629
13828,8112
13829,6532
13830,7545
13831,6897
13832,10085
13833,9208
13834,9252
13835,5938
13836,16129
13837,8637
13838,4899
13839,8309
13840,7729
13841,10062
13842,10008
13843,8705
13844,13804
13845,6247
13846,5361
13847,13183
13848,8482
13849,10245
13850,9647
14553,6102
14554,11594
14555,13250
14556,9117
14557,12227
14558,7212
14559,10434
14560,11730
14561,7597
14562,8077
14563,8691
14564,11730
14565,9405
14566,11255
14567,8271
14568,6808
14569,8488
14570,15726
14571,14639
14572,15147
14573,14823
14574,6066
14575,7116
14576,6816
14577,10956
14578,19593
14579,11393
14580,11080
14581,7910
14582,4772
14583,8516
14584,16835
14585,11329
14586,7450
14587,8218
14588,10168
14589,4964
14590,10729
14591,6684
14592,9620
14593,9972
14594,7786
14595,9960
14596,11296
14597,7480
14598,9637
14599,9584
14600,14607
14601,7078
14602,13136
14603,11092
14604,11636
14605,10017
14606,11760
14607,7277
14608,6936
14609,10452
14610,8207
14611,13150
14612,10852
14613,7747
14614,10419
14615,8521
14616,14159
14617,5553
14618,20215
14619,7415
14620,7907
14621,12757
14622,6816
14623,11819
14624,9823
14625,11167
14626,7332
14627,6401
14628,9392
14629,11252
14630,11555
14631,6365
14632,8800
14633,16579
14634,8808
14635,6903
14636,9064
14637,7549
14638,6472
14639,8869
14640,6601
14641,14672
14642,8030
14643,10706
14644,11566
14645,7099
14646,8479
14647,8007
14648,11794
14649,13092
14650,6450
14651,8823
14652,9116
14653,7804
14654,8289
14655,11631
14656,9336
14657,9215
14658,7337
14659,6397
14660,9732
14661,9928
14662,10505
14663,14754
14664,13447
14665,7731
14666,12218
14667,9438
14668,12189
14669,13185
14670,10290
14671,15765
14672,9628
14673,12544
14674,7291
14675,10410
14676,12977
14677,9780
14678,4641
14679,7600
14680,12581
14681,8248
14682,6120
14683,14453
14684,8379
14685,7996
14686,7959
14687,9542
14688,14160
14689,11984
14690,9452
14691,9271
14692,18797
14693,11106
14694,5047
14695,8845
14696,9991
14697,10898
14698,10484
14699,8746
14700,15799
14701,7555
14702,6036
14703,16324
14704,9512
14705,12333
14706,11083
15409,0
15410,0
15411,0
15412,0
15413,0
15414,0
15415,0
15416,0
15417,0
15418,0
15419,0
15420,0
15421,0
15422,0
15423,0
15424,0
15425,0
15426,0
15427,0
15428,0
15429,0
15430,0
15431,0
15432,0
15433,0
15434,0
15435,0
15436,0
15437,0
15438,0
15439,0
15440,0
15441,0
15442,0
15443,0
15444,0
15445,0
15446,0
15447,0
15448,0
15449,0
15450,0
15451,0
15452,0
15453,0
15454,0
15455,0
15456,0
15457,0
15458,0
15459,0
15460,0
15461,0
15462,0
15463,0
15464,0
15465,0
15466,0
15467,0
15468,0
15469,0
15470,0
15471,0
15472,0
15473,0
15474,0
15475,0
15476,0
15477,0
15478,0
15479,0
15480,0
15481,0
15482,0
15483,0
15484,0
15485,0
15486,0
15487,0
15488,0
15489,0
15490,0
15491,0
15492,0
15493,0
15494,0
15495,0
15496,0
15497,0
15498,0
15499,0
15500,3689
15501,0
15502,0
15503,0
15504,0
15505,0
15506,0
15507,0
15508,0
15509,0
15510,0
15511,0
15512,0
15513,0
15514,0
15515,0
15516,0
15517,0
15518,0
15519,0
15520,0
15521,0
15522,0
15523,0
15524,0
15525,0
15526,0
15527,0
15528,0
15529,0
15530,0
15531,0
15532,0
15533,0
15534,0
15535,0
15536,0
15537,0
15538,0
15539,0
15540,0
15541,0
15542,0
15543,0
15544,0
15545,0
15546,0
15547,0
15548,0
15549,0
15550,0
15551,0
15552,0
15553,0
15554,0
15555,0
15556,0
15557,0
15558,0
15559,0
15560,0
15561,0
15562,0
16265,6709
16266,4258
16267,6425
16268,3288
16269,6223
16270,4713
16271,5740
16272,5119
16273,4361
16274,3649
16275,5770
16276,5414
16277,4013
16278,5287
16279,5519
16280,3480
16281,4219
16282,5916
16283,8243
16284,5120
16285,6228
16286,2513
16287,5342
16288,2330
16289,7914
16290,7798
16291,9817
16292,6272
16293,2419
16294,3496
16295,6217
16296,6907
16297,3267
16298,5752
16299,4085
16300,5563
16301,2729
16302,7578
16303,4186
16304,7324
16305,5968
16306,3485
16307,12337
16308,6841
16309,4376
16310,3746
16311,7818
16312,10326
16313,6378
16314,6107
16315,7653
16316,11836
16317,5470
16318,6054
16319,2384
16320,2672
16321,4115
16322,6822
16323,8616
16324,10018
16325,4167
16326,8141
16327,9060
16328,4601
16329,2467
16330,10909
16331,3329
16332,4350
16333,5983
16334,4506
16335,5777
16336,2791
16337,5176
16338,5170
16339,5580
16340,7917
16341,7051
16342,4712
16343,2942
16344,7619
16345,12912
16346,4677
16347,3115
16348,9835
16349,5574
16350,6297
16351,8592
16352,2119
16353,7671
16354,4305
16355,8040
16356,7323
16357,2668
16358,3515
16359,4306
16360,11176
16361,6476
16362,5975
16363,4432
16364,7140
16365,9121
16366,4591
16367,6436
16368,3669
16369,8259
16370,4640
16371,2747
16372,5355
16373,5914
16374,6377
16375,7736
16376,6991
16377,3118
16378,7423
16379,2940
16380,3714
16381,12473
16382,5869
16383,7313
16384,8667
16385,6215
16386,7755
16387,6551
16388,11385
16389,4937
16390,3150
16391,5022
16392,5200
16393,4195
16394,2589
16395,4965
16396,7267
16397,6059
16398,5343
16399,2755
16400,4510
16401,7305
16402,3693
16403,8503
16404,3541
16405,5279
16406,3704
16407,4085
16408,5282
16409,6567
16410,5809
16411,7956
16412,13662
16413,4559
16414,4855
16415,10057
16416,5376
16417,8382
16418,4788
17121,3549
17122,6222
17123,9203
17124,4917
17125,6429
17126,6152
17127,6192
17128,6078
17129,4210
17130,5232
17131,5255
17132,7964
17133,5963
17134,7132
17135,5004
17136,4356
17137,4612
17138,8623
17139,9065
17140,7393
17141,6192
17142,2779
17143,5856
17144,3935
17145,6992
17146,10492
17147,8966
17148,4180
17149,2694
17150,3195
17151,6661
17152,8307
17153,5899
17154,4412
17155,4917
17156,6679
17157,3205
17158,7521
17159,3590
17160,7392
17161,6402
17162,4968
17163,7383
17164,6007
17165,4563
17166,6514
17167,5679
17168,9592
17169,6571
17170,8286
17171,7358
17172,8587
17173,6955
17174,7495
17175,3665
17176,4138
17177,4821
17178,5503
17179,10051
17180,6662
17181,5679
17182,6603
17183,7482
17184,8076
17185,4092
17186,12050
17187,3448
17188,5962
17189,6679
17190,4161
17191,5240
17192,5796
17193,6506
17194,4731
17195,5295
17196,7749
17197,5759
17198,4921
17199,5411
17200,6740
17201,12747
17202,5414
17203,4149
17204,5892
17205,6227
17206,6185
17207,7858
17208,3348
17209,6679
17210,4797
17211,5643
17212,7956
17213,5487
17214,4274
17215,5304
17216,7113
17217,8861
17218,4302
17219,4547
17220,7807
17221,4658
17222,5290
17223,9312
17224,6639
17225,6063
17226,5974
17227,4107
17228,5094
17229,6734
17230,7842
17231,7023
17232,7428
17233,4877
17234,7281
17235,4849
17236,5466
17237,7278
17238,6730
17239,8082
17240,7891
17241,7621
17242,4476
17243,5957
17244,6247
17245,7515
17246,3418
17247,4473
17248,7602
17249,5111
17250,3758
17251,7117
17252,6966
17253,5896
17254,5353
17255,4461
17256,5346
17257,6625
17258,5718
17259,5062
17260,4973
17261,5979
17262,3628
17263,5652
17264,4112
17265,7411
17266,8002
17267,6566
17268,11382
17269,4689
17270,5242
17271,8467
17272,6620
17273,7210
17274,7355
17977,3467
17978,5656
17979,9550
17980,6109
17981,6674
17982,6401
17983,6151
17984,5784
17985,3131
17986,5089
17987,5623
17988,7518
17989,5268
17990,9447
17991,3790
17992,3528
17993,3894
17994,7959
17995,8906
17996,7288
17997,6305
17998,3400
17999,4683
18000,3917
18001,6950
18002,8970
18003,7995
18004,3821
18005,4186
18006,4128
18007,4887
18008,8922
18009,5039
18010,4021
18011,3967
18012,6747
18013,2782
18014,5981
18015,3218
18016,5715
18017,4824
18018,4517
18019,6067
18020,6437
18021,4253
18022,6494
18023,6228
18024,9439
18025,5096
18026,7107
18027,7984
18028,8444
18029,5585
18030,7452
18031,3474
18032,3855
18033,5279
18034,6630
18035,8146
18036,5967
18037,4439
18038,6261
18039,5582
18040,8503
18041,3387
18042,11086
18043,3835
18044,5774
18045,6978
18046,3908
18047,4920
18048,5250
18049,6661
18050,4164
18051,4995
18052,6153
18053,6236
18054,4655
18055,4620
18056,7008
18057,10496
18058,5625
18059,4910
18060,5507
18061,7637
18062,4591
18063,6970
18064,3712
18065,5971
18066,4794
18067,5161
18068,10588
18069,4338
18070,3887
18071,3775
18072,6740
18073,7899
18074,4554
18075,4611
18076,6300
18077,5221
18078,5031
18079,7685
18080,4949
18081,7036
18082,4902
18083,3804
18084,4778
18085,6952
18086,6128
18087,6366
18088,6633
18089,3891
18090,7575
18091,4440
18092,5753
18093,7153
18094,5358
18095,9103
18096,6327
18097,5898
18098,3983
18099,6399
18100,5479
18101,6140
18102,3132
18103,5312
18104,6786
18105,4596
18106,3124
18107,6918
18108,6761
18109,5008
18110,4843
18111,4467
18112,6005
18113,6508
18114,5122
18115,4366
18116,4723
18117,5706
18118,2648
18119,5244
18120,3735
18121,7007
18122,7004
18123,5945
18124,8608
18125,4329
18126,4045
18127,8416
18128,4702
18129,6802
18130,7067
18833,4194
18834,6440
18835,8214
18836,4996
18837,5849
18838,6401
18839,7185
18840,6201
18841,3707
18842,5344
18843,4899
18844,6913
18845,6725
18846,8899
18847,3821
18848,4009
18849,4118
18850,8192
18851,9138
18852,8103
18853,7251
18854,3242
18855,4553
18856,4180
18857,6500
18858,9053
18859,8915
18860,4177
18861,4170
18862,4126
18863,5526
18864,8866
18865,5836
18866,4053
18867,4029
18868,5881
18869,2694
18870,6269
18871,3032
18872,5879
18873,5204
18874,4604
18875,6621
18876,5603
18877,5127
18878,6106
18879,4484
18880,8416
18881,4868
18882,7220
18883,8215
18884,8235
18885,5585
18886,7097
18887,3686
18888,3737
18889,5343
18890,5065
18891,7692
18892,5845
18893,4755
18894,5503
18895,6928
18896,7254
18897,3396
18898,12072
18899,3590
18900,6080
18901,7367
18902,4506
18903,4841
18904,4790
18905,6602
18906,4122
18907,4912
18908,7407
18909,5668
18910,5741
18911,4929
18912,7008
18913,11244
18914,5239
18915,4036
18916,5910
18917,6399
18918,5869
18919,7012
18920,3132
18921,5437
18922,5170
18923,6111
18924,7914
18925,4573
18926,4595
18927,4021
18928,6705
18929,7827
18930,4849
18931,4164
18932,7012
18933,4836
18934,4475
18935,8615
18936,6338
18937,7142
18938,4769
18939,4138
18940,4875
18941,7030
18942,6149
18943,6256
18944,6590
18945,4924
18946,7193
18947,4750
18948,5218
18949,7439
18950,6397
18951,8625
18952,6691
18953,6413
18954,4926
18955,6715
18956,5876
18957,5552
18958,3679
18959,5095
18960,6733
18961,4533
18962,3518
18963,6849
18964,7212
18965,4998
18966,4820
18967,4332
18968,6577
18969,5139
18970,5441
18971,4174
18972,5289
18973,5423
18974,3165
18975,4401
18976,4122
18977,6742
18978,7117
18979,6422
18980,9804
18981,4909
18982,4092
18983,9104
18984,5204
18985,6543
18986,7482
19689,4163
19690,7127
19691,9169
19692,5168
19693,5714
19694,6506
19695,6315
19696,6314
19697,5583
19698,5346
19699,5449
19700,8111
19701,6615
19702,9341
19703,6312
19704,4343
19705,4580
19706,8702
19707,9788
19708,8319
19709,6855
19710,4171
19711,4128
19712,3965
19713,7170
19714,8659
19715,9953
19716,5164
19717,4125
19718,4491
19719,6667
19720,8742
19721,5903
19722,3995
19723,4665
19724,5770
19725,2868
19726,7998
19727,3449
19728,6902
19729,6970
19730,5038
19731,7015
19732,6896
19733,4868
19734,6539
19735,5102
19736,8615
19737,6601
19738,8295
19739,8614
19740,9005
19741,6057
19742,8133
19743,4635
19744,4081
19745,5563
19746,5720
19747,9786
19748,7607
19749,5470
19750,6831
19751,7589
19752,7611
19753,3469
19754,11471
19755,3297
19756,6184
19757,7661
19758,4728
19759,4831
19760,5285
19761,6120
19762,4344
19763,5219
19764,7700
19765,5226
19766,5270
19767,5070
19768,7754
19769,12905
19770,5417
19771,4606
19772,5814
19773,6637
19774,6115
19775,8415
19776,3849
19777,5510
19778,4278
19779,7189
19780,8174
19781,4520
19782,4071
19783,4284
19784,8271
19785,9505
19786,5555
19787,4879
19788,6821
19789,5775
19790,4903
19791,8135
19792,7080
19793,8298
19794,5486
19795,3663
19796,6166
19797,8704
19798,7039
19799,6776
19800,7072
19801,5597
19802,6977
19803,4594
19804,4449
19805,8639
19806,6586
19807,8937
19808,7293
19809,7722
19810,5357
19811,6362
19812,6332
19813,7509
19814,4289
19815,4790
19816,7418
19817,4601
19818,3775
19819,7524
19820,7128
19821,6412
19822,4611
19823,5001
19824,6905
19825,5561
19826,5882
19827,4644
19828,6555
19829,5046
19830,3879
19831,6137
19832,4562
19833,7753
19834,8510
19835,6719
19836,12799
19837,4629
19838,4801
19839,8752
19840,4947
19841,6728
19842,7406
20545,3886
20546,6567
20547,10159
20548,5956
20549,6121
20550,4346
20551,7733
20552,6754
20553,5583
20554,6111
20555,6898
20556,7273
20557,6755
20558,9341
20559,3933
20560,4343
20561,3980
20562,7579
20563,10972
20564,9121
20565,6798
20566,3010
20567,4902
20568,3965
20569,8429
20570,9750
20571,9953
20572,4676
20573,3794
20574,3183
20575,6667
20576,10101
20577,5993
20578,3995
20579,4665
20580,6195
20581,3236
20582,7998
20583,3151
20584,9620
20585,6970
20586,4864
20587,6202
20588,6896
20589,4954
20590,7156
20591,5852
20592,8937
20593,4726
20594,6229
20595,9284
20596,7181
20597,4954
20598,7998
20599,4635
20600,4963
20601,4684
20602,6816
20603,9786
20604,5377
20605,5470
20606,6088
20607,7589
20608,8042
20609,3485
20610,11570
20611,4130
20612,6184
20613,8627
20614,5442
20615,5190
20616,5805
20617,6853
20618,5150
20619,5219
20620,7700
20621,7191
20622,4896
20623,4645
20624,5759
20625,12905
20626,6392
20627,5529
20628,5814
20629,5446
20630,6115
20631,8415
20632,3296
20633,7192
20634,5345
20635,5887
20636,10774
20637,4332
20638,3907
20639,4284
20640,5230
20641,9505
20642,4533
20643,5339
20644,6821
20645,4207
20646,4903
20647,8135
20648,7080
20649,5913
20650,5486
20651,4896
20652,4330
20653,8704
20654,7311
20655,6843
20656,6247
20657,5597
20658,9128
20659,5376
20660,5227
20661,8644
20662,5571
20663,10164
20664,7293
20665,7722
20666,4118
20667,5959
20668,5314
20669,7509
20670,4641
20671,4549
20672,6599
20673,5369
20674,2721
20675,7562
20676,6835
20677,6412
20678,5517
20679,5406
20680,5083
20681,6237
20682,5882
20683,4621
20684,6555
20685,4911
20686,3879
20687,6015
20688,4409
20689,7652
20690,8510
20691,6719
20692,12262
20693,4620
20694,4726
20695,10666
20696,5496
20697,6990
20698,6866
21401,0
21402,0
21403,0
21404,0
21405,0
21406,0
21407,0
21408,0
21409,0
21410,0
21411,0
21412,0
21413,0
21414,0
21415,0
21416,0
21417,0
21418,0
21419,0
21420,0
21421,0
21422,0
21423,0
21424,0
21425,0
21426,0
21427,0
21428,0
21429,0
21430,0
21431,0
21432,0
21433,0
21434,0
21435,0
21436,0
21437,0
21438,0
21439,0
21440,0
21441,0
21442,0
21443,0
21444,0
21445,0
21446,0
21447,0
21448,0
21449,0
21450,0
21451,0
21452,0
21453,0
21454,0
21455,0
21456,0
21457,0
21458,0
21459,0
21460,0
21461,0
21462,0
21463,0
21464,0
21465,0
21466,0
21467,0
21468,0
21469,0
21470,0
21471,0
21472,0
21473,0
21474,0
21475,0
21476,0
21477,0
21478,0
21479,0
21480,0
21481,0
21482,0
21483,0
21484,0
21485,0
21486,0
21487,0
21488,0
21489,0
21490,0
21491,0
21492,3689
21493,0
21494,0
21495,0
21496,0
21497,0
21498,0
21499,0
21500,0
21501,0
21502,0
21503,0
21504,0
21505,0
21506,0
21507,0
21508,0
21509,0
21510,0
21511,0
21512,0
21513,0
21514,0
21515,0
21516,0
21517,0
21518,0
21519,0
21520,0
21521,0
21522,0
21523,0
21524,0
21525,0
21526,0
21527,0
21528,0
21529,0
21530,0
21531,0
21532,0
21533,0
21534,0
21535,0
21536,0
21537,0
21538,0
21539,0
21540,0
21541,0
21542,0
21543,0
21544,0
21545,0
21546,0
21547,0
21548,0
21549,0
21550,0
21551,0
21552,0
21553,0
21554,0
22257,6709
22258,4258
22259,6425
22260,3288
22261,6223
22262,4713
22263,5740
22264,5119
22265,4361
22266,3649
22267,5770
22268,5414
22269,4013
22270,5287
22271,5519
22272,3480
22273,4219
22274,5916
22275,8243
22276,5120
22277,6228
22278,2513
22279,5342
22280,2330
22281,7914
22282,7798
22283,9817
22284,6272
22285,2419
22286,3496
22287,6217
22288,6907
22289,3267
22290,5752
22291,4085
22292,5563
22293,2729
22294,7578
22295,4186
22296,7324
22297,5968
22298,3485
22299,12337
22300,6841
22301,4376
22302,3746
22303,7818
22304,10326
22305,6378
22306,6107
22307,7653
22308,11836
22309,5470
22310,6054
22311,2384
22312,2672
22313,4115
22314,6822
22315,8616
22316,10018
22317,4167
22318,8141
22319,9060
22320,4601
22321,2467
22322,10909
22323,3329
22324,4350
22325,5983
22326,4506
22327,5777
22328,2791
22329,5176
22330,5170
22331,5580
22332,7917
22333,7051
22334,4712
22335,2942
22336,7619
22337,12912
22338,4677
22339,3115
22340,9835
22341,5574
22342,6297
22343,8592
22344,2119
22345,7671
22346,4305
22347,8040
22348,7323
22349,2668
22350,3515
22351,4306
22352,11176
22353,6476
22354,5975
22355,4432
22356,7140
22357,9121
22358,4591
22359,6436
22360,3669
22361,8259
22362,4640
22363,2747
22364,5355
22365,5914
22366,6377
22367,7736
22368,6991
22369,3118
22370,7423
22371,2940
22372,3714
22373,12473
22374,5869
22375,7313
22376,8667
22377,6215
22378,7755
22379,6551
22380,11385
22381,4937
22382,3150
22383,5022
22384,5200
22385,4195
22386,2589
22387,4965
22388,7267
22389,6059
22390,5343
22391,2755
22392,4510
22393,7305
22394,3693
22395,8503
22396,3541
22397,5279
22398,3704
22399,4085
22400,5282
22401,6567
22402,5809
22403,7956
22404,13662
22405,4559
22406,4855
22407,10057
22408,5376
22409,8382
22410,4788
23113,5263
23114,8074
23115,15344
23116,8492
23117,9786
23118,7185
23119,10457
23120,8959
23121,6797
23122,6239
23123,9191
23124,10231
23125,8508
23126,8704
23127,9515
23128,6454
23129,7273
23130,11395
23131,10679
23132,11190
23133,10607
23134,3668
23135,7248
23136,6370
23137,8165
23138,15342
23139,12772
23140,6571
23141,4907
23142,5101
23143,7896
23144,13114
23145,7486
23146,6301
23147,7410
23148,9379
23149,3552
23150,10310
23151,5729
23152,10602
23153,8552
23154,7540
23155,10022
23156,9813
23157,5572
23158,6890
23159,11525
23160,13772
23161,8306
23162,11035
23163,11187
23164,11204
23165,8613
23166,9988
23167,7208
23168,6026
23169,5767
23170,7444
23171,12813
23172,10335
23173,7150
23174,9810
23175,9089
23176,13586
23177,4294
23178,13439
23179,4844
23180,7585
23181,10513
23182,6164
23183,7156
23184,7102
23185,9728
23186,7418
23187,7460
23188,8857
23189,11075
23190,10646
23191,6456
23192,9194
23193,15492
23194,9013
23195,6058
23196,8897
23197,7834
23198,8416
23199,10779
23200,5124
23201,10779
23202,7038
23203,10392
23204,12336
23205,5401
23206,6793
23207,7604
23208,9581
23209,12272
23210,5404
23211,6758
23212,9402
23213,7475
23214,7753
23215,12550
23216,9557
23217,9828
23218,8689
23219,5087
23220,8382
23221,10915
23222,9241
23223,11793
23224,8984
23225,8094
23226,10826
23227,7590
23228,7522
23229,10751
23230,9802
23231,12141
23232,11335
23233,11013
23234,7839
23235,9375
23236,10735
23237,9029
23238,4987
23239,5383
23240,11285
23241,7528
23242,4078
23243,9223
23244,7983
23245,8438
23246,7893
23247,6507
23248,6474
23249,6783
23250,8929
23251,6755
23252,9738
23253,7569
23254,5871
23255,8074
23256,9660
23257,11094
23258,9781
23259,8470
23260,18165
23261,5904
23262,6708
23263,10822
23264,10136
23265,10260
23266,7626
23969,5020
23970,7537
23971,11560
23972,8420
23973,8098
23974,6186
23975,7361
23976,7996
23977,5512
23978,5918
23979,8891
23980,10226
23981,7911
23982,9987
23983,6985
23984,5517
23985,5801
23986,9734
23987,11233
23988,10496
23989,9408
23990,4482
23991,6712
23992,5345
23993,8856
23994,13133
23995,11555
23996,5647
23997,4923
23998,4650
23999,6740
24000,11218
24001,6901
24002,6063
24003,7055
24004,7585
24005,3297
24006,8996
24007,5324
24008,11286
24009,8342
24010,6797
24011,8705
24012,9254
24013,5868
24014,6825
24015,9316
24016,13484
24017,6937
24018,10875
24019,7780
24020,10252
24021,8034
24022,10215
24023,5763
24024,4998
24025,6393
24026,7551
24027,13377
24028,8141
24029,6371
24030,8942
24031,8391
24032,12196
24033,4724
24034,13799
24035,5697
24036,6611
24037,8661
24038,6151
24039,7005
24040,7002
24041,8678
24042,5884
24043,7291
24044,9747
24045,8655
24046,7126
24047,6561
24048,8132
24049,13712
24050,6082
24051,5680
24052,8446
24053,6071
24054,6482
24055,10904
24056,3875
24057,8263
24058,5737
24059,7749
24060,10576
24061,4178
24062,6290
24063,7426
24064,8895
24065,11128
24066,5773
24067,5928
24068,9041
24069,6568
24070,6386
24071,9540
24072,8409
24073,9419
24074,6558
24075,4457
24076,6740
24077,9634
24078,9689
24079,8893
24080,8111
24081,6496
24082,11755
24083,5945
24084,7721
24085,10780
24086,9130
24087,10327
24088,9662
24089,9151
24090,6442
24091,7577
24092,9618
24093,8316
24094,4798
24095,5212
24096,8956
24097,6391
24098,4607
24099,9191
24100,8030
24101,7137
24102,7444
24103,5764
24104,7790
24105,8365
24106,8055
24107,5812
24108,11859
24109,7009
24110,4431
24111,6673
24112,7630
24113,9207
24114,9047
24115,8055
24116,16370
24117,6288
24118,6586
24119,10838
24120,7893
24121,9391
24122,8872
24825,4782
24826,9590
24827,12074
24828,7029
24829,9984
24830,5524
24831,8378
24832,9236
24833,5512
24834,6108
24835,7583
24836,9548
24837,9616
24838,9814
24839,6409
24840,5517
24841,6319
24842,10717
24843,14023
24844,12935
24845,9075
24846,4213
24847,5982
24848,5345
24849,10305
24850,13833
24851,11555
24852,8681
24853,5593
24854,4732
24855,6740
24856,14374
24857,7895
24858,5341
24859,7055
24860,8051
24861,3646
24862,10154
24863,4946
24864,9374
24865,8342
24866,6451
24867,9048
24868,9254
24869,7323
24870,8746
24871,8667
24872,11817
24873,8320
24874,10155
24875,8626
24876,9962
24877,7258
24878,12573
24879,5763
24880,4605
24881,8346
24882,7476
24883,10657
24884,7865
24885,6746
24886,8388
24887,8391
24888,12433
24889,5055
24890,16038
24891,6530
24892,6611
24893,11281
24894,5316
24895,7462
24896,7848
24897,8612
24898,8086
24899,7291
24900,9747
24901,8527
24902,8412
24903,5523
24904,7017
24905,13712
24906,6335
24907,6045
24908,8068
24909,6949
24910,6482
24911,9239
24912,4304
24913,8980
24914,6359
24915,7697
24916,11446
24917,5741
24918,7277
24919,7426
24920,9482
24921,11128
24922,5036
24923,6902
24924,9041
24925,6673
24926,6386
24927,9540
24928,8409
24929,8425
24930,7355
24931,5356
24932,7100
24933,9634
24934,9689
24935,11947
24936,9527
24937,6496
24938,10648
24939,7440
24940,8247
24941,8778
24942,9130
24943,13125
24944,9854
24945,9151
24946,5276
24947,9308
24948,8089
24949,8316
24950,4798
24951,6491
24952,9605
24953,7996
24954,4702
24955,8857
24956,8030
24957,7137
24958,6158
24959,7166
24960,9504
24961,7719
24962,8055
24963,6256
24964,11859
24965,7773
24966,4490
24967,6792
24968,6979
24969,9138
24970,9047
24971,8055
24972,14208
24973,6927
24974,5888
24975,12882
24976,8248
24977,9121
24978,10526
25681,5011
25682,9780
25683,12342
25684,6717
25685,10248
25686,6140
25687,6938
25688,8822
25689,5879
25690,7005
25691,7516
25692,10184
25693,8467
25694,10534
25695,7815
25696,5729
25697,5923
25698,12809
25699,13582
25700,13872
25701,10375
25702,5958
25703,5736
25704,5555
25705,9792
25706,16324
25707,10208
25708,8979
25709,6190
25710,4239
25711,5921
25712,13885
25713,8927
25714,5504
25715,6849
25716,8066
25717,3598
25718,8071
25719,5115
25720,7557
25721,8204
25722,6162
25723,8400
25724,7935
25725,6558
25726,8854
25727,7707
25728,15746
25729,6244
25730,11346
25731,8195
25732,10843
25733,8317
25734,10701
25735,5829
25736,5460
25737,8335
25738,6292
25739,11293
25740,9524
25741,7347
25742,9331
25743,7317
25744,13111
25745,4817
25746,17204
25747,6040
25748,6611
25749,10710
25750,5829
25751,8234
25752,8169
25753,10632
25754,7224
25755,6527
25756,8624
25757,8292
25758,9318
25759,5337
25760,7472
25761,12519
25762,6983
25763,6558
25764,7244
25765,6178
25766,6259
25767,8270
25768,5045
25769,10324
25770,6104
25771,8427
25772,12205
25773,6082
25774,7648
25775,7288
25776,10262
25777,11457
25778,5187
25779,6440
25780,8687
25781,7764
25782,6564
25783,10498
25784,7618
25785,8977
25786,6827
25787,5419
25788,8214
25789,8591
25790,9641
25791,9896
25792,9504
25793,7499
25794,10785
25795,7912
25796,8851
25797,10025
25798,8391
25799,13568
25800,9422
25801,9788
25802,5984
25803,9634
25804,9218
25805,8834
25806,4753
25807,6473
25808,9580
25809,8693
25810,4347
25811,10629
25812,8112
25813,6532
25814,6250
25815,6897
25816,10085
25817,7621
25818,9252
25819,5938
25820,16129
25821,8637
25822,4899
25823,7833
25824,7729
25825,10062
25826,10008
25827,8705
25828,13804
25829,7426
25830,4840
25831,13183
25832,6656
25833,10245
25834,9647
26537,6102
26538,11594
26539,14869
26540,8739
26541,12227
26542,7212
26543,8796
26544,10227
26545,7597
26546,8077
26547,9053
26548,11730
26549,9405
26550,11255
26551,8271
26552,6808
26553,8488
26554,15726
26555,14639
26556,15147
26557,14823
26558,6066
26559,8054
26560,6816
26561,10956
26562,19593
26563,11393
26564,11080
26565,7910
26566,4772
26567,8516
26568,16835
26569,11329
26570,7450
26571,8218
26572,8633
26573,4405
26574,10729
26575,6684
26576,9620
26577,9972
26578,6853
26579,9960
26580,11296
26581,7480
26582,9637
26583,10881
26584,14607
26585,7078
26586,13136
26587,9701
26588,11636
26589,10017
26590,11760
26591,7277
26592,5895
26593,10452
26594,7346
26595,13150
26596,10852
26597,7747
26598,10419
26599,8521
26600,14159
26601,5553
26602,20215
26603,7415
26604,7907
26605,12757
26606,6816
26607,11819
26608,9823
26609,11167
26610,7332
26611,6401
26612,9392
26613,10397
26614,11555
26615,6365
26616,8800
26617,16579
26618,7034
26619,7729
26620,9064
26621,7549
26622,6472
26623,8869
26624,6601
26625,13342
26626,7720
26627,10706
26628,14461
26629,7099
26630,8479
26631,8007
26632,11794
26633,13092
26634,6450
26635,8823
26636,9116
26637,7804
26638,8289
26639,11631
26640,9336
26641,9215
26642,7337
26643,6397
26644,9732
26645,9928
26646,10505
26647,14754
26648,13447
26649,7731
26650,13768
26651,9438
26652,12189
26653,13185
26654,10290
26655,15765
26656,9628
26657,12544
26658,7291
26659,10410
26660,12977
26661,9780
26662,4641
26663,7600
26664,12581
26665,8248
26666,6120
26667,14453
26668,8379
26669,7996
26670,7153
26671,9542
26672,14160
26673,8986
26674,9452
26675,9271
26676,18797
26677,11106
26678,5047
26679,8163
26680,9991
26681,10898
26682,10484
26683,8746
26684,15799
26685,7555
26686,6036
26687,16324
26688,8968
26689,12333
26690,11083
27393,0
27394,0
27395,0
27396,0
27397,0
27398,0
27399,0
27400,0
27401,0
27402,0
27403,0
27404,0
27405,0
27406,0
27407,0
27408,0
27409,0
27410,0
27411,0
27412,0
27413,0
27414,0
27415,0
27416,0
27417,0
27418,0
27419,0
27420,0
27421,0
27422,0
27423,0
27424,0
27425,0
27426,0
27427,0
27428,0
27429,0
27430,0
27431,0
27432,0
27433,0
27434,0
27435,0
27436,0
27437,0
27438,0
27439,0
27440,0
27441,0
27442,0
27443,0
27444,0
27445,0
27446,0
27447,0
27448,0
27449,0
27450,0
27451,0
27452,0
27453,0
27454,0
27455,0
27456,0
27457,0
27458,0
27459,0
27460,0
27461,0
27462,0
27463,0
27464,0
27465,0
27466,0
27467,0
27468,0
27469,0
27470,0
27471,0
27472,0
27473,0
27474,0
27475,0
27476,0
27477,0
27478,0
27479,0
27480,0
27481,0
27482,0
27483,0
27484,3689
27485,0
27486,0
27487,0
27488,0
27489,0
27490,0
27491,0
27492,0
27493,0
27494,0
27495,0
27496,0
27497,0
27498,0
27499,0
27500,0
27501,0
27502,0
27503,0
27504,0
27505,0
27506,0
27507,0
27508,0
27509,0
27510,0
27511,0
27512,0
27513,0
27514,0
27515,0
27516,0
27517,0
27518,0
27519,0
27520,0
27521,0
27522,0
27523,0
27524,0
27525,0
27526,0
27527,0
27528,0
27529,0
27530,0
27531,0
27532,0
27533,0
27534,0
27535,0
27536,0
27537,0
27538,0
27539,0
27540,0
27541,0
27542,0
27543,0
27544,0
27545,0
27546,0
28249,6709
28250,4258
28251,6425
28252,3288
28253,6223
28254,4713
28255,5740
28256,5119
28257,0
28258,3649
28259,5770
28260,5414
28261,4013
28262,0
28263,5519
28264,0
28265,4219
28266,5916
28267,8243
28268,5120
28269,6228
28270,2513
28271,5342
28272,0
28273,7914
28274,7798
28275,0
28276,6272
28277,2419
28278,3496
28279,0
28280,6907
28281,3267
28282,5752
28283,0
28284,5563
28285,2729
28286,7578
28287,4186
28288,0
28289,0
28290,3485
28291,12337
28292,6841
28293,4376
28294,3746
28295,7818
28296,10326
28297,6378
28298,6107
28299,7653
28300,11836
28301,5470
28302,6054
28303,2384
28304,2672
28305,4115
28306,6822
28307,8616
28308,10018
28309,4167
28310,8141
28311,0
28312,4601
28313,2467
28314,10909
28315,3329
28316,0
28317,5983
28318,4506
28319,5777
28320,2791
28321,5176
28322,5170
28323,0
28324,0
28325,7051
28326,4712
28327,2942
28328,7619
28329,0
28330,4677
28331,3115
28332,9835
28333,5574
28334,0
28335,0
28336,2119
28337,7671
28338,4305
28339,8040
28340,7323
28341,2668
28342,3515
28343,4306
28344,11176
28345,0
28346,5975
28347,4432
28348,0
28349,9121
28350,0
28351,0
28352,0
28353,8259
28354,4640
28355,2747
28356,5355
28357,0
28358,0
28359,7736
28360,6991
28361,0
28362,7423
28363,2940
28364,3714
28365,12473
28366,5834
28367,7313
28368,8667
28369,6215
28370,7755
28371,6551
28372,11385
28373,4937
28374,0
28375,5022
28376,5200
28377,4195
28378,2589
28379,4965
28380,0
28381,0
28382,5343
28383,2755
28384,4510
28385,7305
28386,3693
28387,8503
28388,0
28389,5279
28390,0
28391,4085
28392,5282
28393,6567
28394,0
28395,0
28396,0
28397,4559
28398,4855
28399,10057
28400,5376
28401,8382
28402,4788
29105,3549
29106,6222
29107,9203
29108,4917
29109,6429
29110,6152
29111,6192
29112,6078
29113,4210
29114,5232
29115,5255
29116,7964
29117,5963
29118,7132
29119,5004
29120,4356
29121,4612
29122,8623
29123,9065
29124,7393
29125,6192
29126,2779
29127,5856
29128,3935
29129,6992
29130,10492
29131,8966
29132,4180
29133,2694
29134,3195
29135,6661
29136,8307
29137,5899
29138,4412
29139,4917
29140,5599
29141,2821
29142,7521
29143,3590
29144,7392
29145,6402
29146,4968
29147,7383
29148,6007
29149,4563
29150,6514
29151,5679
29152,9592
29153,6571
29154,8286
29155,7358
29156,8587
29157,6955
29158,7495
29159,3665
29160,4138
29161,4821
29162,5503
29163,10051
29164,6662
29165,5679
29166,6603
29167,7482
29168,8076
29169,4092
29170,12050
29171,3448
29172,5962
29173,6679
29174,4161
29175,5240
29176,5796
29177,6506
29178,4731
29179,5295
29180,7749
29181,5759
29182,4921
29183,5411
29184,6740
29185,12747
29186,5414
29187,4149
29188,5892
29189,6227
29190,6185
29191,7858
29192,3348
29193,6679
29194,4797
29195,5643
29196,7956
29197,5487
29198,4274
29199,5304
29200,7113
29201,8861
29202,4302
29203,4547
29204,7807
29205,4658
29206,5290
29207,9312
29208,6639
29209,6063
29210,5974
29211,4107
29212,5094
29213,6734
29214,7842
29215,7023
29216,7428
29217,4877
29218,7281
29219,4849
29220,5466
29221,7278
29222,6730
29223,8082
29224,7891
29225,7621
29226,4476
29227,5957
29228,6247
29229,7515
29230,3418
29231,4473
29232,7602
29233,5111
29234,3758
29235,7117
29236,6966
29237,5896
29238,4363
29239,4461
29240,5346
29241,5574
29242,5718
29243,5062
29244,4973
29245,5979
29246,3628
29247,5652
29248,4112
29249,7411
29250,8002
29251,6566
29252,11382
29253,4689
29254,5242
29255,8467
29256,5968
29257,7210
29258,7355
29961,3467
29962,5656
29963,9550
29964,6109
29965,6674
29966,6401
29967,6151
29968,5784
29969,3131
29970,5089
29971,5623
29972,7518
29973,5268
29974,9447
29975,3790
29976,3528
29977,3894
29978,7959
29979,8906
29980,7288
29981,6305
29982,3400
29983,4683
29984,3917
29985,6950
29986,8970
29987,7995
29988,3821
29989,4186
29990,4128
29991,4887
29992,8922
29993,5039
29994,4021
29995,3967
29996,6246
29997,2834
29998,5981
29999,3218
30000,5715
30001,4824
30002,4517
30003,6067
30004,6437
30005,4253
30006,6494
30007,6228
30008,9439
30009,5096
30010,7107
30011,7984
30012,8444
30013,5585
30014,7452
30015,3474
30016,3855
30017,5279
30018,6630
30019,8146
30020,5967
30021,4439
30022,6261
30023,5582
30024,8503
30025,3387
30026,11086
30027,3835
30028,5774
30029,6978
30030,3908
30031,4920
30032,5250
30033,6661
30034,4164
30035,4995
30036,6153
30037,6236
30038,4655
30039,4620
30040,7008
30041,10496
30042,5625
30043,4910
30044,5507
30045,7637
30046,4591
30047,6970
30048,3712
30049,5971
30050,4794
30051,5161
30052,10588
30053,4338
30054,3887
30055,3775
30056,6740
30057,7899
30058,4554
30059,4611
30060,6300
30061,5221
30062,5031
30063,7685
30064,4949
30065,7036
30066,4902
30067,3804
30068,4778
30069,6952
30070,6128
30071,6366
30072,6633
30073,3891
30074,7575
30075,4440
30076,5753
30077,7153
30078,5358
30079,9103
30080,6327
30081,5898
30082,3983
30083,6399
30084,5479
30085,6140
30086,3132
30087,5312
30088,6786
30089,4596
30090,3124
30091,6918
30092,6761
30093,5008
30094,4727
30095,4467
30096,6005
30097,6049
30098,5122
30099,4366
30100,4723
30101,5706
30102,2648
30103,5244
30104,3735
30105,7007
30106,7004
30107,5945
30108,8608
30109,4329
30110,4045
30111,8416
30112,5327
30113,6802
30114,7067
30817,4194
30818,6440
30819,8214
30820,4996
30821,5849
30822,6401
30823,7185
30824,6201
30825,3707
30826,5344
30827,4899
30828,6913
30829,6725
30830,8899
30831,3821
30832,4009
30833,4118
30834,8192
30835,9138
30836,8103
30837,7251
30838,3242
30839,4553
30840,4180
30841,6500
30842,9053
30843,8915
30844,4177
30845,4170
30846,4126
30847,5526
30848,8866
30849,5836
30850,4053
30851,4029
30852,5881
30853,2694
30854,6269
30855,3032
30856,5879
30857,5204
30858,4604
30859,6621
30860,5603
30861,5127
30862,6106
30863,4484
30864,8416
30865,4868
30866,7220
30867,8215
30868,8235
30869,5585
30870,7097
30871,3686
30872,3737
30873,5343
30874,5065
30875,7692
30876,5845
30877,4755
30878,5503
30879,6928
30880,7254
30881,3396
30882,12072
30883,3590
30884,6080
30885,7367
30886,4506
30887,4841
30888,4790
30889,6602
30890,4122
30891,4912
30892,7407
30893,5668
30894,5741
30895,4929
30896,7008
30897,11244
30898,5239
30899,4036
30900,5910
30901,6399
30902,5869
30903,7012
30904,3132
30905,5437
30906,5170
30907,6111
30908,7914
30909,4573
30910,4595
30911,4021
30912,6705
30913,7827
30914,4849
30915,4164
30916,7012
30917,4836
30918,4475
30919,8615
30920,6338
30921,7142
30922,4769
30923,4138
30924,4875
30925,7030
30926,6149
30927,6256
30928,6590
30929,4924
30930,7193
30931,4750
30932,5218
30933,7439
30934,6397
30935,8625
30936,6691
30937,6413
30938,4926
30939,6715
30940,5876
30941,5552
30942,3679
30943,5095
30944,6733
30945,4533
30946,3518
30947,6849
30948,7212
30949,4998
30950,4820
30951,4332
30952,6577
30953,5139
30954,5441
30955,4174
30956,5289
30957,5423
30958,3165
30959,4401
30960,4122
30961,6742
30962,7117
30963,6422
30964,9804
30965,4909
30966,4092
30967,9104
30968,5204
30969,6543
30970,7482
31673,4163
31674,6180
31675,9169
31676,5168
31677,6940
31678,6506
31679,6315
31680,6314
31681,5583
31682,4955
31683,5449
31684,8111
31685,5873
31686,9341
31687,6312
31688,4343
31689,4580
31690,7651
31691,8718
31692,7727
31693,6701
31694,3627
31695,4128
31696,3965
31697,6077
31698,7833
31699,9953
31700,4198
31701,4084
31702,3496
31703,6667
31704,8473
31705,5654
31706,3995
31707,4665
31708,5770
31709,2868
31710,7998
31711,3449
31712,6902
31713,6970
31714,5038
31715,7015
31716,6896
31717,4868
31718,6115
31719,5102
31720,7659
31721,6601
31722,8295
31723,8614
31724,9005
31725,6057
31726,7128
31727,4635
31728,4081
31729,4800
31730,5720
31731,9786
31732,7607
31733,5470
31734,6831
31735,7589
31736,7947
31737,3141
31738,11458
31739,3309
31740,6184
31741,7456
31742,4728
31743,4384
31744,4490
31745,5828
31746,4375
31747,5219
31748,7700
31749,5226
31750,5397
31751,5070
31752,7754
31753,12905
31754,5417
31755,4606
31756,5814
31757,6637
31758,6115
31759,8415
31760,3423
31761,5510
31762,4278
31763,7189
31764,8174
31765,4273
31766,4118
31767,4284
31768,8271
31769,9505
31770,5555
31771,4108
31772,6821
31773,5775
31774,4903
31775,8135
31776,7080
31777,8298
31778,5486
31779,4117
31780,6166
31781,8704
31782,7039
31783,7320
31784,6549
31785,5597
31786,6977
31787,4352
31788,4734
31789,8639
31790,6586
31791,8627
31792,7293
31793,7722
31794,5357
31795,5815
31796,6332
31797,7509
31798,4289
31799,5117
31800,7418
31801,3872
31802,3659
31803,6539
31804,7128
31805,6412
31806,4611
31807,4586
31808,5888
31809,5561
31810,5882
31811,4644
31812,6555
31813,5293
31814,3879
31815,6137
31816,4562
31817,7753
31818,8510
31819,6719
31820,12799
31821,4629
31822,4801
31823,8815
31824,4947
31825,6728
31826,5917
32529,3886
32530,6736
32531,10159
32532,5956
32533,7152
32534,4346
32535,7733
32536,6754
32537,5583
32538,5706
32539,6898
32540,7273
32541,6635
32542,9341
32543,3933
32544,4343
32545,3980
32546,9427
32547,12496
32548,7437
32549,7703
32550,3405
32551,4902
32552,3965
32553,7160
32554,8752
32555,9953
32556,5469
32557,4779
32558,3747
32559,6667
32560,10124
32561,6993
32562,3995
32563,4665
32564,6195
32565,3236
32566,7998
32567,3151
32568,9620
32569,6970
32570,4864
32571,6202
32572,6896
32573,4954
32574,7268
32575,5852
32576,9693
32577,4726
32578,6229
32579,9284
32580,7181
32581,4954
32582,7682
32583,4635
32584,4963
32585,5423
32586,6816
32587,9786
32588,5377
32589,5470
32590,6088
32591,7589
32592,8033
32593,3714
32594,12153
32595,4453
32596,6184
32597,7485
32598,5442
32599,4860
32600,5779
32601,6099
32602,4106
32603,5219
32604,7700
32605,7191
32606,8156
32607,4645
32608,5759
32609,12905
32610,6392
32611,5529
32612,5814
32613,5446
32614,6115
32615,8415
32616,3493
32617,7192
32618,5345
32619,5887
32620,10774
32621,4034
32622,4126
32623,4284
32624,5230
32625,9505
32626,4533
32627,5305
32628,6821
32629,4207
32630,4903
32631,8135
32632,7080
32633,5913
32634,5486
32635,4963
32636,4330
32637,8704
32638,7311
32639,7061
32640,8019
32641,5597
32642,9128
32643,5556
32644,5684
32645,8644
32646,5571
32647,9976
32648,7293
32649,7722
32650,4118
32651,7671
32652,5314
32653,7509
32654,4641
32655,5252
32656,6599
32657,5235
32658,3959
32659,7517
32660,6835
32661,6412
32662,5517
32663,5170
32664,6640
32665,6237
32666,5882
32667,4621
32668,6555
32669,5962
32670,3879
32671,6015
32672,4409
32673,7652
32674,8510
32675,6719
32676,12262
32677,4620
32678,4726
32679,11122
32680,5496
32681,6990
32682,7188
33385,0
33386,0
33387,0
33388,0
33389,0
33390,0
33391,0
33392,0
33393,0
33394,0
33395,0
33396,0
33397,0
33398,0
33399,0
33400,0
33401,0
33402,0
33403,0
33404,0
33405,0
33406,0
33407,0
33408,0
33409,0
33410,0
33411,0
33412,0
33413,0
33414,0
33415,0
33416,0
33417,0
33418,0
33419,0
33420,0
33421,0
33422,0
33423,0
33424,0
33425,0
33426,0
33427,0
33428,0
33429,0
33430,0
33431,0
33432,0
33433,0
33434,0
33435,0
33436,0
33437,0
33438,0
33439,0
33440,0
33441,0
33442,0
33443,0
33444,0
33445,0
33446,0
33447,0
33448,0
33449,0
33450,0
33451,0
33452,0
33453,0
33454,0
33455,0
33456,0
33457,0
33458,0
33459,0
33460,0
33461,0
33462,0
33463,0
33464,0
33465,0
33466,0
33467,0
33468,0
33469,0
33470,0
33471,0
33472,0
33473,0
33474,0
33475,0
33476,3689
33477,0
33478,0
33479,0
33480,0
33481,0
33482,0
33483,0
33484,0
33485,0
33486,0
33487,0
33488,0
33489,0
33490,0
33491,0
33492,0
33493,0
33494,0
33495,0
33496,0
33497,0
33498,0
33499,0
33500,0
33501,0
33502,0
33503,0
33504,0
33505,0
33506,0
33507,0
33508,0
33509,0
33510,0
33511,0
33512,0
33513,0
33514,0
33515,0
33516,0
33517,0
33518,0
33519,0
33520,0
33521,0
33522,0
33523,0
33524,0
33525,0
33526,0
33527,0
33528,0
33529,0
33530,0
33531,0
33532,0
33533,0
33534,0
33535,0
33536,0
33537,0
33538,0
34241,6709
34242,4258
34243,6425
34244,3288
34245,6223
34246,4713
34247,5740
34248,5119
34249,0
34250,3649
34251,5770
34252,5414
34253,4013
34254,5287
34255,5519
34256,3480
34257,4219
34258,5916
34259,8243
34260,5120
34261,6228
34262,2513
34263,5342
34264,0
34265,7914
34266,7798
34267,9817
34268,6272
34269,2419
34270,3496
34271,6217
34272,6907
34273,3267
34274,5752
34275,4085
34276,5563
34277,2729
34278,7578
34279,4186
34280,7324
34281,5968
34282,3485
34283,12337
34284,6841
34285,4376
34286,3746
34287,7818
34288,10326
34289,6378
34290,6107
34291,7653
34292,11836
34293,5470
34294,6054
34295,2384
34296,2672
34297,4115
34298,6822
34299,8616
34300,10018
34301,4167
34302,8141
34303,9060
34304,4601
34305,2467
34306,10909
34307,3329
34308,4350
34309,5983
34310,4506
34311,5777
34312,2791
34313,5176
34314,5170
34315,5580
34316,7917
34317,7051
34318,4712
34319,2942
34320,7619
34321,12912
34322,4677
34323,3115
34324,9835
34325,5574
34326,6297
34327,8592
34328,2119
34329,7671
34330,4305
34331,8040
34332,7323
34333,2668
34334,3515
34335,4306
34336,11176
34337,6476
34338,5975
34339,4432
34340,7140
34341,9121
34342,4591
34343,6436
34344,3669
34345,8259
34346,4640
34347,2747
34348,5355
34349,5914
34350,0
34351,7736
34352,6991
34353,3118
34354,7423
34355,2940
34356,3714
34357,12473
34358,5869
34359,7313
34360,8667
34361,6215
34362,7755
34363,6551
34364,11385
34365,4937
34366,3150
34367,5022
34368,5200
34369,4195
34370,2589
34371,4965
34372,7267
34373,6059
34374,5343
34375,2755
34376,4510
34377,7305
34378,3693
34379,8503
34380,3541
34381,5279
34382,3704
34383,4085
34384,5282
34385,6567
34386,5809
34387,7956
34388,13662
34389,4559
34390,4855
34391,10057
34392,5376
34393,8382
34394,4788
35097,5263
35098,8149
35099,15344
35100,8492
35101,8363
35102,7185
35103,10457
35104,8959
35105,6797
35106,6544
35107,9191
35108,10231
35109,6384
35110,8704
35111,9515
35112,6454
35113,7273
35114,14190
35115,9155
35116,10286
35117,9411
35118,4776
35119,7248
35120,6370
35121,7163
35122,13950
35123,12772
35124,5701
35125,5371
35126,4772
35127,7896
35128,9872
35129,7429
35130,6301
35131,7410
35132,9379
35133,3552
35134,10310
35135,5729
35136,10602
35137,8552
35138,7540
35139,10022
35140,9813
35141,5572
35142,7495
35143,11525
35144,13251
35145,8306
35146,11035
35147,11187
35148,11204
35149,8613
35150,10501
35151,7208
35152,6026
35153,6293
35154,7444
35155,12813
35156,10335
35157,7150
35158,9810
35159,9089
35160,8906
35161,4533
35162,14949
35163,4064
35164,7585
35165,11495
35166,6164
35167,7877
35168,6466
35169,8372
35170,5573
35171,7460
35172,8857
35173,11075
35174,5999
35175,6456
35176,9194
35177,15492
35178,9013
35179,6058
35180,8897
35181,7834
35182,8416
35183,10779
35184,4072
35185,10779
35186,7038
35187,10392
35188,12336
35189,5907
35190,6340
35191,7604
35192,9581
35193,12272
35194,5404
35195,5915
35196,9402
35197,7475
35198,7753
35199,12550
35200,9557
35201,9828
35202,8689
35203,5389
35204,8382
35205,10915
35206,9241
35207,10130
35208,9102
35209,8094
35210,10826
35211,5688
35212,7915
35213,10751
35214,9802
35215,9639
35216,11335
35217,11013
35218,7839
35219,9373
35220,10735
35221,9029
35222,4987
35223,4923
35224,11285
35225,5246
35226,5915
35227,8733
35228,7983
35229,8438
35230,7893
35231,7157
35232,10635
35233,6783
35234,8929
35235,6755
35236,9738
35237,5296
35238,5871
35239,8074
35240,9660
35241,11094
35242,9781
35243,8470
35244,18165
35245,5904
35246,6708
35247,13443
35248,10136
35249,10260
35250,8462
35953,5020
35954,8977
35955,11560
35956,8420
35957,8113
35958,6186
35959,7361
35960,7996
35961,5512
35962,6152
35963,8891
35964,10226
35965,7328
35966,9987
35967,6985
35968,5517
35969,5801
35970,8731
35971,12263
35972,10270
35973,8039
35974,4277
35975,6712
35976,5345
35977,8469
35978,12700
35979,11555
35980,6591
35981,5596
35982,4707
35983,6740
35984,10853
35985,5982
35986,6063
35987,7055
35988,7585
35989,3297
35990,8996
35991,5324
35992,11286
35993,8342
35994,6797
35995,8705
35996,9254
35997,5868
35998,7181
35999,9316
36000,13029
36001,6937
36002,10875
36003,7780
36004,10252
36005,8034
36006,10090
36007,5763
36008,4998
36009,6070
36010,7551
36011,13377
36012,8141
36013,6371
36014,8942
36015,8391
36016,11308
36017,3401
36018,13627
36019,4759
36020,6611
36021,8879
36022,6151
36023,7250
36024,5897
36025,8926
36026,6173
36027,7291
36028,9747
36029,8655
36030,7241
36031,6561
36032,8132
36033,13712
36034,6082
36035,5680
36036,8446
36037,6071
36038,6482
36039,10904
36040,3821
36041,8263
36042,5737
36043,7749
36044,10576
36045,4046
36046,5214
36047,7426
36048,8895
36049,11128
36050,5773
36051,5413
36052,9041
36053,6568
36054,6386
36055,9540
36056,8409
36057,9419
36058,6558
36059,4986
36060,6740
36061,9634
36062,9689
36063,8798
36064,8504
36065,6496
36066,11755
36067,6227
36068,7587
36069,10780
36070,9130
36071,10797
36072,9662
36073,9151
36074,6442
36075,7253
36076,9618
36077,8316
36078,4798
36079,5966
36080,8956
36081,7626
36082,4771
36083,8999
36084,8030
36085,7137
36086,7444
36087,5539
36088,7923
36089,8365
36090,8055
36091,5812
36092,11859
36093,6690
36094,4431
36095,6673
36096,7630
36097,9207
36098,9047
36099,8055
36100,16370
36101,6288
36102,6586
36103,10916
36104,7893
36105,9391
36106,7103
36809,4782
36810,7610
36811,12074
36812,7029
36813,8490
36814,5524
36815,8378
36816,9236
36817,5512
36818,5412
36819,7583
36820,9548
36821,7182
36822,9814
36823,6409
36824,5517
36825,6319
36826,10589
36827,10527
36828,10318
36829,7564
36830,4903
36831,5982
36832,5345
36833,7028
36834,10634
36835,11555
36836,6595
36837,6567
36838,4789
36839,6740
36840,11779
36841,6960
36842,5341
36843,7055
36844,8051
36845,3646
36846,10154
36847,4946
36848,9374
36849,8342
36850,6451
36851,9048
36852,9254
36853,7323
36854,8439
36855,8667
36856,11569
36857,8320
36858,10155
36859,8626
36860,9962
36861,7258
36862,9977
36863,5763
36864,4605
36865,6649
36866,7476
36867,10657
36868,7865
36869,6746
36870,8388
36871,8391
36872,9641
36873,3971
36874,14569
36875,5609
36876,6611
36877,8107
36878,5316
36879,7644
36880,5602
36881,7718
36882,5795
36883,7291
36884,9747
36885,8527
36886,8787
36887,5523
36888,7017
36889,13712
36890,6335
36891,6045
36892,8068
36893,6949
36894,6482
36895,9239
36896,3444
36897,8980
36898,6359
36899,7697
36900,11446
36901,6016
36902,6612
36903,7426
36904,9482
36905,11128
36906,5036
36907,5977
36908,9041
36909,6673
36910,6386
36911,9540
36912,8409
36913,8425
36914,7355
36915,4540
36916,7100
36917,9634
36918,9689
36919,8597
36920,10714
36921,6496
36922,10648
36923,6221
36924,7386
36925,8778
36926,9130
36927,11648
36928,9854
36929,9151
36930,5276
36931,9356
36932,8089
36933,8316
36934,4798
36935,5990
36936,9605
36937,6704
36938,4545
36939,7774
36940,8030
36941,7137
36942,6158
36943,5825
36944,9419
36945,7719
36946,8055
36947,6256
36948,11859
36949,7831
36950,4490
36951,6792
36952,6979
36953,9138
36954,9047
36955,8055
36956,14208
36957,6927
36958,5888
36959,10813
36960,8248
36961,9121
36962,7013
37665,5011
37666,8625
37667,12342
37668,6717
37669,8751
37670,6140
37671,6938
37672,8822
37673,5879
37674,6509
37675,7516
37676,10184
37677,7717
37678,10534
37679,7815
37680,5729
37681,5923
37682,11129
37683,10865
37684,13482
37685,8450
37686,4925
37687,5736
37688,5555
37689,9447
37690,13423
37691,10208
37692,6650
37693,6145
37694,5387
37695,5921
37696,10896
37697,7600
37698,5504
37699,6849
37700,8066
37701,3598
37702,8071
37703,5115
37704,7557
37705,8204
37706,6162
37707,8400
37708,7935
37709,6558
37710,8676
37711,7707
37712,13431
37713,6244
37714,11346
37715,8195
37716,10843
37717,8317
37718,11661
37719,5829
37720,5460
37721,7084
37722,6292
37723,11293
37724,9524
37725,7347
37726,9331
37727,7317
37728,10612
37729,4380
37730,15281
37731,5083
37732,6611
37733,9863
37734,5829
37735,7785
37736,6274
37737,8734
37738,5197
37739,6527
37740,8624
37741,8292
37742,8337
37743,5337
37744,7472
37745,12519
37746,6983
37747,6558
37748,7244
37749,6178
37750,6259
37751,8270
37752,4401
37753,10324
37754,6104
37755,8427
37756,12205
37757,4784
37758,7074
37759,7288
37760,10262
37761,11457
37762,5187
37763,6503
37764,8687
37765,7764
37766,6564
37767,10498
37768,7618
37769,8977
37770,6827
37771,4682
37772,8214
37773,8591
37774,9641
37775,8484
37776,8149
37777,7499
37778,10785
37779,6527
37780,8340
37781,10025
37782,8391
37783,12838
37784,9422
37785,9788
37786,5984
37787,8086
37788,9218
37789,8834
37790,4753
37791,5820
37792,9580
37793,6505
37794,5039
37795,9625
37796,8112
37797,6532
37798,6250
37799,5512
37800,8735
37801,7621
37802,9252
37803,5938
37804,16129
37805,7952
37806,4899
37807,7833
37808,7729
37809,10062
37810,10008
37811,8705
37812,13804
37813,7426
37814,4840
37815,11680
37816,6656
37817,10245
37818,8451
38521,6102
38522,8107
38523,14869
38524,8739
38525,10649
38526,7212
38527,8796
38528,10227
38529,7597
38530,6614
38531,9053
38532,11730
38533,9689
38534,11255
38535,8271
38536,6808
38537,8488
38538,13645
38539,11899
38540,12121
38541,11659
38542,5312
38543,8054
38544,6816
38545,10305
38546,17229
38547,11393
38548,11101
38549,7084
38550,5282
38551,8516
38552,12420
38553,8816
38554,7450
38555,8218
38556,8633
38557,4405
38558,10729
38559,6684
38560,9620
38561,9972
38562,6853
38563,9960
38564,11296
38565,7480
38566,8619
38567,10881
38568,15285
38569,7078
38570,13136
38571,9701
38572,11636
38573,10017
38574,13280
38575,7277
38576,5895
38577,7765
38578,7346
38579,13150
38580,10852
38581,7747
38582,10419
38583,8521
38584,10793
38585,4758
38586,16104
38587,5493
38588,7907
38589,10556
38590,6816
38591,9528
38592,8356
38593,11421
38594,7409
38595,6401
38596,9392
38597,10397
38598,10030
38599,6365
38600,8800
38601,16579
38602,7034
38603,7729
38604,9064
38605,7549
38606,6472
38607,8869
38608,4841
38609,13342
38610,7720
38611,10706
38612,14461
38613,4690
38614,7854
38615,8007
38616,11794
38617,13092
38618,6450
38619,7207
38620,9116
38621,7804
38622,8289
38623,11631
38624,9336
38625,9215
38626,7337
38627,5374
38628,9732
38629,9928
38630,10505
38631,11645
38632,10404
38633,7731
38634,13768
38635,7953
38636,7827
38637,13185
38638,10290
38639,12215
38640,9628
38641,12544
38642,7291
38643,8956
38644,12977
38645,9780
38646,4641
38647,6709
38648,12581
38649,9321
38650,5269
38651,10919
38652,8379
38653,7996
38654,7153
38655,7187
38656,9525
38657,8986
38658,9452
38659,9271
38660,18797
38661,9377
38662,5047
38663,8163
38664,9991
38665,10898
38666,10484
38667,8746
38668,15799
38669,7555
38670,6036
38671,13244
38672,8968
38673,12333
38674,9155
39377,0
39378,0
39379,0
39380,0
39381,0
39382,0
39383,0
39384,0
39385,0
39386,0
39387,0
39388,0
39389,0
39390,0
39391,0
39392,0
39393,0
39394,0
39395,0
39396,0
39397,0
39398,0
39399,0
39400,0
39401,0
39402,0
39403,0
39404,0
39405,0
39406,0
39407,0
39408,0
39409,0
39410,0
39411,0
39412,0
39413,0
39414,0
39415,0
39416,0
39417,0
39418,0
39419,0
39420,0
39421,0
39422,0
39423,0
39424,0
39425,0
39426,0
39427,0
39428,0
39429,0
39430,0
39431,0
39432,0
39433,0
39434,0
39435,0
39436,0
39437,0
39438,0
39439,0
39440,0
39441,0
39442,0
39443,0
39444,0
39445,0
39446,0
39447,0
39448,0
39449,0
39450,0
39451,0
39452,0
39453,0
39454,0
39455,0
39456,0
39457,0
39458,0
39459,0
39460,0
39461,0
39462,0
39463,0
39464,0
39465,0
39466,0
39467,0
39468,3689
39469,0
39470,0
39471,0
39472,0
39473,0
39474,0
39475,0
39476,0
39477,0
39478,0
39479,0
39480,0
39481,0
39482,0
39483,0
39484,0
39485,0
39486,0
39487,0
39488,0
39489,0
39490,0
39491,0
39492,0
39493,0
39494,0
39495,0
39496,0
39497,0
39498,0
39499,0
39500,0
39501,0
39502,0
39503,0
39504,0
39505,0
39506,0
39507,0
39508,0
39509,0
39510,0
39511,0
39512,0
39513,0
39514,0
39515,0
39516,0
39517,0
39518,0
39519,0
39520,0
39521,0
39522,0
39523,0
39524,0
39525,0
39526,0
39527,0
39528,0
39529,0
39530,0
40233,6709
40234,4258
40235,6425
40236,3288
40237,6223
40238,4713
40239,5740
40240,5119
40241,4361
40242,3649
40243,5770
40244,5414
40245,4013
40246,5287
40247,5519
40248,3480
40249,4219
40250,5916
40251,8243
40252,5120
40253,6228
40254,2513
40255,5342
40256,2330
40257,7914
40258,7798
40259,9817
40260,6272
40261,2419
40262,3496
40263,6217
40264,6907
40265,3267
40266,5752
40267,4085
40268,5563
40269,2729
40270,7578
40271,4186
40272,7324
40273,5968
40274,3485
40275,12337
40276,6841
40277,4376
40278,3746
40279,7818
40280,10326
40281,6378
40282,6107
40283,7653
40284,11836
40285,5470
40286,6054
40287,2384
40288,2672
40289,4115
40290,6822
40291,8616
40292,10018
40293,4167
40294,8141
40295,9060
40296,4601
40297,2467
40298,10909
40299,3329
40300,4350
40301,5983
40302,4506
40303,5777
40304,2791
40305,5176
40306,5170
40307,5580
40308,7917
40309,7051
40310,4712
40311,2942
40312,7619
40313,12912
40314,4677
40315,3115
40316,9835
40317,5574
40318,6297
40319,8592
40320,2119
40321,7671
40322,4305
40323,8040
40324,7323
40325,2668
40326,3515
40327,4306
40328,11176
40329,6476
40330,5975
40331,4432
40332,7140
40333,9121
40334,4591
40335,6436
40336,3669
40337,8259
40338,4640
40339,2747
40340,5355
40341,5914
40342,6377
40343,7736
40344,6991
40345,3118
40346,7423
40347,2940
40348,3714
40349,12473
40350,5869
40351,7313
40352,8667
40353,6215
40354,7755
40355,6551
40356,11385
40357,4937
40358,3150
40359,5022
40360,5200
40361,4195
40362,2589
40363,4965
40364,7267
40365,6059
40366,5343
40367,2755
40368,4510
40369,7305
40370,3693
40371,8503
40372,3541
40373,5279
40374,3704
40375,4085
40376,5282
40377,6567
40378,5809
40379,7956
40380,13662
40381,4559
40382,4855
40383,10057
40384,5376
40385,8382
40386,4788
